,Name,Address,Lat,Log,광역시도,시도,입점수
0,역삼아레나빌딩,서울특별시 강남구 언주로 425,37.501087,127.04306899999999,서울특별시,강남구,1
1,논현역사거리,서울특별시 강남구 강남대로 538,37.510178,127.022223,서울특별시,강남구,1
2,국기원사거리,서울특별시 강남구 테헤란로 125,37.499517,127.03149499999999,서울특별시,강남구,1
3,대치대원빌딩R,서울특별시 강남구 남부순환로 2947,37.494668,127.062583,서울특별시,강남구,1
4,삼성역섬유센터R,서울특별시 강남구 테헤란로 518,37.50775,127.06065100000001,서울특별시,강남구,1
5,압구정R,서울특별시 강남구 언주로 861,37.5273669,127.033061,서울특별시,강남구,1
6,수서역R,서울특별시 강남구 광평로 281,37.488008,127.10265,서울특별시,강남구,1
7,양재강남빌딩R,서울특별시 강남구 남부순환로 2621,37.485192,127.036685,서울특별시,강남구,1
8,선릉동신빌딩R,서울특별시 강남구 테헤란로 409,37.505321,127.050409,서울특별시,강남구,1
9,봉은사로선정릉,서울특별시 강남구 봉은사로 446,37.511293,127.048409,서울특별시,강남구,1
10,강남오거리,서울특별시 강남구 봉은사로2길 39,37.502117,127.02667199999999,서울특별시,강남구,1
11,스타필드코엑스몰R,서울특별시 강남구 영동대로 513,37.50999,127.06145500000001,서울특별시,강남구,1
12,강남구청정문,서울특별시 강남구 학동로 419,37.518181,127.04599499999999,서울특별시,강남구,1
13,도곡공원,서울특별시 강남구 도곡로 205,37.492805,127.04130900000001,서울특별시,강남구,1
14,강남R,서울특별시 강남구 강남대로 390,37.497710999999995,127.02843899999999,서울특별시,강남구,1
15,대치은마사거리,서울특별시 강남구 도곡로 457,37.498973,127.060172,서울특별시,강남구,1
16,청담영동대로,서울특별시 강남구 영동대로 720,37.522156,127.056449,서울특별시,강남구,1
17,압구정,서울특별시 강남구 압구정로30길 17,37.526283,127.02956,서울특별시,강남구,1
18,신사가로수,서울특별시 강남구 압구정로12길 32,37.521852,127.02251000000001,서울특별시,강남구,1
19,청담스타R,서울특별시 강남구 도산대로57길 24,37.525216,127.041827,서울특별시,강남구,1
20,강남우성,서울특별시 강남구 강남대로 328,37.492396,127.03091,서울특별시,강남구,1
21,학동사거리,서울특별시 강남구 도산대로 328 (논현동),37.52236449999999,127.03795430000002,서울특별시,강남구,1
22,대치사거리,서울특별시 강남구 삼성로 402,37.503331,127.05881699999999,서울특별시,강남구,1
23,포스코사거리,서울특별시 강남구 테헤란로 505 (삼성동),37.507530700000004,127.05742710000004,서울특별시,강남구,1
24,을지병원사거리,서울특별시 강남구 논현로 752,37.5191632,127.02864459999999,서울특별시,강남구,1
25,신사역,서울특별시 강남구 도산대로 108 (논현동),37.5162021,127.02074280000001,서울특별시,강남구,1
26,도곡역,서울특별시 강남구 남부순환로 2909,37.492166999999995,127.05739799999999,서울특별시,강남구,1
27,서울세관사거리,서울특별시 강남구 언주로 650 (논현동),37.514887,127.035653,서울특별시,강남구,1
28,청담사거리,서울특별시 강남구 도산대로 458 (청담동),37.5236351,127.0468651,서울특별시,강남구,1
29,한티역,"서울특별시 강남구 도곡로 408, 디마크빌딩 101호",37.496801,127.05505500000001,서울특별시,강남구,1
30,역삼초교사거리,서울특별시 강남구 역삼로 123,37.4941059,127.03299730000003,서울특별시,강남구,1
31,코엑스몰,서울특별시 강남구 영동대로 513 (삼성동),37.511921,127.059024,서울특별시,강남구,1
32,가로수길,"서울특별시 강남구 논현로175길 94, 1~2층",37.523159299999996,127.02162499999996,서울특별시,강남구,1
33,역삼대로,"서울특별시 강남구 테헤란로 211, 한국고등교육재단빌딩 1층",37.501622999999995,127.039375,서울특별시,강남구,1
34,역삼포스코,"서울특별시 강남구 테헤란로 134, P&S TOWER",37.499721,127.03358200000001,서울특별시,강남구,1
35,강남대로,"서울특별시 강남구 강남대로 456, 한석타워 2층 1-2호",37.50314,127.02554599999999,서울특별시,강남구,1
36,청담,"서울특별시 강남구 도산대로 532, 인희빌딩 1층",37.5243631,127.05155990000004,서울특별시,강남구,1
37,삼성도심공항,서울특별시 강남구 테헤란로87길 33,37.509786299999995,127.05791339999996,서울특별시,강남구,1
38,삼성교,"서울특별시 강남구 영동대로86길 12, ,9,10번지 동남유화빌딩",37.507794,127.06517,서울특별시,강남구,1
39,학동역,서울특별시 강남구 논현로 704,37.51464884,127.03073020000001,서울특별시,강남구,1
40,대치,서울특별시 강남구 도곡로 511,37.49966175,127.06221709999998,서울특별시,강남구,1
41,기술센터,"서울특별시 강남구 테헤란로 305, 한국기술센터 1층",37.50329211,127.0436409,서울특별시,강남구,1
42,SSG마켓도곡R,"서울특별시 강남구 언주로30길 57, 타워팰리스Ⅱ F 지하1층",37.490297999999996,127.054895,서울특별시,강남구,1
43,삼성,"서울특별시 강남구 테헤란로 443, 애플트리타워 1층",37.50703529,127.05555030000001,서울특별시,강남구,1
44,선릉세화빌딩,"서울특별시 강남구 테헤란로64길 18, 세화빌딩 1층",37.50377562,127.05119599999999,서울특별시,강남구,1
45,압구정역,"서울특별시 강남구 압구정로 170, 관영빌딩 1층 지하1층",37.52674095,127.0281105,서울특별시,강남구,1
46,압구정로,서울특별시 강남구 압구정로42길 32,37.52680046,127.0347174,서울특별시,강남구,1
47,구역삼사거리,서울특별시 강남구 논현로 401,37.49592355,127.0388645,서울특별시,강남구,1
48,큰길타워,"서울특별시 강남구 테헤란로 223, 큰길타워빌딩",37.50236693,127.0407,서울특별시,강남구,1
49,강남구청역,"서울특별시 강남구 선릉로 669, 웰빙센터 1층",37.5165849,127.04124330000002,서울특별시,강남구,1
50,대치역,"서울특별시 강남구 남부순환로 2936, 원플러스 상가107호",37.493553999999996,127.061874,서울특별시,강남구,1
51,포이,서울특별시 강남구 논현로 88,37.47781106,127.04514109999998,서울특별시,강남구,1
52,아크플레이스,서울특별시 강남구 테헤란로 142,37.49971982,127.0349084,서울특별시,강남구,1
53,학여울역,서울특별시 강남구 영동대로 215,37.49803646,127.0684943,서울특별시,강남구,1
54,선정릉역,서울특별시 강남구 봉은사로 407 (삼성동),37.51075489999999,127.04455970000004,서울특별시,강남구,1
55,삼성현대힐,서울특별시 강남구 삼성로 605,37.51354184,127.0527183,서울특별시,강남구,1
56,GS타워,서울특별시 강남구 논현로 508,37.5018592,127.03727759999992,서울특별시,강남구,1
57,압구정미소,서울특별시 강남구 논현로 841,37.52405601,127.027915,서울특별시,강남구,1
58,선릉역,"서울특별시 강남구 테헤란로 334, LG화재 빌딩",37.50393894,127.0485135,서울특별시,강남구,1
59,수서,서울특별시 강남구 밤고개로1길 10 (수서동) 수서현대벤쳐빌,37.48801132,127.10175079999999,서울특별시,강남구,1
60,코엑스사거리,서울특별시 강남구 영동대로 616,37.515351,127.06010900000001,서울특별시,강남구,1
61,역삼럭키,서울특별시 강남구 도곡로 183,37.492209,127.03938899999999,서울특별시,강남구,1
62,차병원사거리,"서울특별시 강남구 봉은사로 213, 센트럴타워",37.508032,127.03537299999999,서울특별시,강남구,1
63,청담공원,서울특별시 강남구 학동로 506,37.5186549,127.05143870000006,서울특별시,강남구,1
64,신압구정,서울특별시 강남구 언주로174길 29,37.528115,127.036441,서울특별시,강남구,1
65,아크로힐스논현,"서울특별시 강남구 봉은사로 304, 금강빌딩 1-2층",37.50898041,127.0403869,서울특별시,강남구,1
66,뱅뱅사거리,서울특별시 강남구 강남대로 282,37.488585,127.03241499999999,서울특별시,강남구,1
67,강남비젼타워,"서울특별시 강남구 테헤란로2길 27, 1층 101호",37.496455700000006,127.02968850000002,서울특별시,강남구,1
68,역삼역,"서울특별시 강남구 테헤란로 145, 우신빌딩 1층",37.50080096,127.0351577,서울특별시,강남구,1
69,압구정로데오역,"서울특별시 강남구 선릉로 836, 삼원빌딩 1,2층",37.526548999999996,127.04043700000001,서울특별시,강남구,1
70,르네상스사거리,서울특별시 강남구 테헤란로 306,37.502721,127.044308,서울특별시,강남구,1
71,포스코,"서울특별시 강남구 삼성로86길 7, 1층",37.505759999999995,127.057966,서울특별시,강남구,1
72,선릉로,"서울특별시 강남구 선릉로93길 22, 대흥빌딩 1층",37.505053000000004,127.046577,서울특별시,강남구,1
73,삼성역,서울특별시 강남구 테헤란로103길 9,37.510015,127.063864,서울특별시,강남구,1
74,논현힐탑,서울특별시 강남구 논현로 648,37.511557700000004,127.03226199999995,서울특별시,강남구,1
75,도산가로수길,"서울특별시 강남구 도산대로 134, 2층",37.51736229999999,127.02329570000006,서울특별시,강남구,1
76,미아뉴타운,서울특별시 강북구 삼양로 161,37.618319,127.021072,서울특별시,강북구,1
77,강북구청사거리,서울특별시 강북구 도봉로 365,37.6400354,127.02737659999998,서울특별시,강북구,1
78,미아사거리역,서울특별시 강북구 도봉로 32,37.611809,127.03069709999998,서울특별시,강북구,1
79,수유역,서울특별시 강북구 도봉로 342,37.6380167,127.02613500000008,서울특별시,강북구,1
80,미아역,서울특별시 강북구 도봉로 196,37.626148,127.026578,서울특별시,강북구,1
81,우장산역,서울특별시 강서구 강서로 267,37.54909,126.83598400000001,서울특별시,강서구,1
82,마곡사이언스타워R,서울특별시 강서구 마곡동로 62,37.561492,126.833954,서울특별시,강서구,1
83,방화DT,서울특별시 강서구 방화대로 375,37.574339,126.81641499999999,서울특별시,강서구,1
84,마곡나루역,서울특별시 강서구 마곡중앙로 161-17,37.56813,126.82614,서울특별시,강서구,1
85,마곡GMG,서울특별시 강서구 마곡중앙6로 16 (마곡동),37.560487,126.82966699999999,서울특별시,강서구,1
86,가양역,서울특별시 강서구 양천로 476,37.561640000000004,126.85332700000001,서울특별시,강서구,1
87,화곡DT,서울특별시 강서구 등촌로 57,37.535149,126.86323200000001,서울특별시,강서구,1
88,양천향교역,서울특별시 강서구 강서로 463,37.566964,126.840731,서울특별시,강서구,1
89,화곡동,서울특별시 강서구 화곡로,37.5405115,126.83724129999999,서울특별시,강서구,1
90,등촌,서울특별시 강서구 공항대로 329,37.55820429999999,126.84433919999992,서울특별시,강서구,1
91,염창역,서울특별시 강서구 공항대로 627,37.547359,126.87443600000002,서울특별시,강서구,1
92,발산역,서울특별시 강서구 강서로 388 (등촌동),37.56033,126.839279,서울특별시,강서구,1
93,가양이마트,"서울특별시 강서구 양천로 559, 가양이마트 1층",37.5578966,126.86229779999996,서울특별시,강서구,1
94,까치산역,서울특별시 강서구 강서로13길 3,37.532303000000006,126.84607700000001,서울특별시,강서구,1
95,관악서울대입구R,서울특별시 관악구 관악로 158,37.479343,126.95278,서울특별시,관악구,1
96,신림DT,서울특별시 관악구 남부순환로 1419,37.480934999999995,126.90840700000001,서울특별시,관악구,1
97,서울대역,서울특별시 관악구 남부순환로 1817,37.481598999999996,126.9522,서울특별시,관악구,1
98,낙성대DT,서울특별시 관악구 남부순환로 1948,37.476169,126.965005,서울특별시,관악구,1
99,사당,서울특별시 관악구 남부순환로,37.476009999999995,126.980997,서울특별시,관악구,1
100,보라매대교,"서울특별시 관악구 보라매로3길 23, 대교빌딩 1층",37.491448999999996,126.925432,서울특별시,관악구,1
101,신림사거리,서울특별시 관악구 남부순환로 1619,37.484768,126.930467,서울특별시,관악구,1
102,신림,서울특별시 관악구 신림로 355-1,37.48609493,126.9291602,서울특별시,관악구,1
103,신림역포도몰,"서울특별시 관악구 신림로 330, PODO MALL 1층 101 일부",37.48385383,126.93017990000001,서울특별시,관악구,1
104,서울대입구역,서울특별시 관악구 남부순환로 1812,37.48118,126.951324,서울특별시,관악구,1
105,어린이대공원역,서울시 광진구 능동로243,37.551946,127.07640400000001,서울특별시,광진구,1
106,아차산역,서울시 광진구 천호대로 676,37.5505388,127.0898757,서울특별시,광진구,1
107,올림픽대교북단,서울특별시 광진구 광나루로 608,37.541129,127.09523999999999,서울특별시,광진구,1
108,구의DT,서울특별시 광진구 광나루로 519,37.5451984,127.0871587,서울특별시,광진구,1
109,자양사거리,서울특별시 광진구 아차산로,37.5371158,127.0825821,서울특별시,광진구,1
110,군자역,서울특별시 광진구 천호대로 548 (군자동),37.556703000000006,127.07891599999999,서울특별시,광진구,1
111,광나루,"서울특별시 광진구 아차산로 607, 1,2층",37.547442,127.105934,서울특별시,광진구,1
112,건대스타시티,서울특별시 광진구 아차산로 262,37.53780432,127.07254509999999,서울특별시,광진구,1
113,자양,서울특별시 광진구 능동로 50,37.5354769,127.06914619999998,서울특별시,광진구,1
114,강변역,서울특별시 광진구 구의강변로 64 (구의동),37.536155,127.09308600000001,서울특별시,광진구,1
115,건대입구,서울특별시 광진구 능동로 107,37.5406604,127.0707225,서울특별시,광진구,1
116,구의역,서울특별시 광진구 아차산로 373,37.53698,127.084015,서울특별시,광진구,1
117,광장,서울특별시 광진구 아차산로 537-17,37.542857,127.09978899999999,서울특별시,광진구,1
118,건국클래식,서울특별시 광진구 능동로 90 (자양동) 더,37.53838,127.07070900000001,서울특별시,광진구,1
119,가산에스케이,서울특별시 금천구 가산디지털1로 171,37.48061318,126.88057020000001,서울특별시,금천구,1
120,독산사거리,서울특별시 금천구 시흥대로 426,37.471511,126.898775,서울특별시,금천구,1
121,금천시흥,서울특별시 금천구 시흥대로 164,37.448624,126.90318300000001,서울특별시,금천구,1
122,가산디지털단지역,서울특별시 금천구 벚꽃로 298,37.481324,126.883779,서울특별시,금천구,1
123,금천독산,서울특별시 금천구 두산로 70,37.46914,126.895246,서울특별시,금천구,1
124,가산디지털,서울특별시 금천구 가산디지털1로 168,37.479834600000004,126.88249969999993,서울특별시,금천구,1
125,W-Mall,서울특별시 금천구 디지털로 188,37.47730499,126.8876908,서울특별시,금천구,1
126,마리오아울렛,서울특별시 금천구 벚꽃로 266,37.478701,126.885076,서울특별시,금천구,1
127,가산브이타워,서울특별시 금천구 가산디지털1로 128,37.477221,126.883683,서울특별시,금천구,1
128,가산그레이트,"서울특별시 금천구 디지털로9길 32, 갑을그레이트밸리 1층",37.479449100000004,126.88747680000006,서울특별시,금천구,1
129,월계트레이더스,서울시 노원구 마들로3길 15,37.627705299999995,127.06149779999998,서울특별시,노원구,1
130,상계초교사거리,서울 노원구 노원로 449,37.656776,127.066442,서울특별시,노원구,1
131,공릉DT,서울특별시 노원구 동일로 1015,37.6206884,127.07431159999999,서울특별시,노원구,1
132,노원마들역,"서울특별시 노원구 노원로 569 (상계동,",37.660940999999994,127.058008,서울특별시,노원구,1
133,공릉역,서울특별시 노원구 동일로 1081,37.626337,127.072252,서울특별시,노원구,1
134,서울여대,서울특별시 노원구 화랑로 621,37.626163,127.093084,서울특별시,노원구,1
135,은행사거리,"서울특별시 노원구 중계로 217, 중흥빌딩 103,203호",37.65048737,127.07598610000001,서울특별시,노원구,1
136,노원KT,"서울특별시 노원구 노해로 502, (주)KT 노원사옥",37.654562,127.063617,서울특별시,노원구,1
137,광운대,서울특별시 노원구 석계로 104,37.6231479,127.06070090000004,서울특별시,노원구,1
138,중계역,"서울특별시 노원구 동일로 1339, 대한빌딩",37.64817,127.06224399999999,서울특별시,노원구,1
139,노원역,"서울특별시 노원구 동일로 1413, 1층",37.654751,127.060034,서울특별시,노원구,1
140,월계이마트,서울특별시 노원구 마들로3길 15,37.627155,127.06209399999999,서울특별시,노원구,1
141,창동이마트,서울특별시 도봉구 노해로65길 4,37.651645,127.046869,서울특별시,도봉구,1
142,쌍문역,서울특별시 도봉구 도봉로 480,37.648456,127.034783,서울특별시,도봉구,1
143,보라매공원R,"서울특별시 동작구 보라매로5길 35 (신대방동,",37.49226212712864,126.92334570798292,서울특별시,동작구,1
144,이수자이,서울특별시 동작구 사당로 300 (사당동,37.484414,126.980047,서울특별시,동작구,1
145,노량진역,서울특별시 동작구 노량진로 134,37.51339,126.94087900000001,서울특별시,동작구,1
146,신대방삼거리역,서울특별시 동작구 상도로 102,37.499914000000004,126.931766,서울특별시,동작구,1
147,중앙대,서울특별시 동작구 흑석로 75-1,37.506933000000004,126.958125,서울특별시,동작구,1
148,숭실대입구역,서울특별시 동작구 상도로 354,37.4968346,126.95271230000004,서울특별시,동작구,1
149,숭실대,서울특별시 동작구 사당로 4,37.49538073,126.95488909999999,서울특별시,동작구,1
150,사당역,"서울특별시 동작구 동작대로 21, 양지빌딩 1-3층",37.47849216,126.9813456,서울특별시,동작구,1
151,상암YTN,서울특별시 마포구 상암산로 76,37.579183,126.892315,서울특별시,마포구,1
152,마포용강동,서울특별시 마포구 토정로 295,37.541185999999996,126.942209,서울특별시,마포구,1
153,홍대입구역사거리R,서울특별시 마포구 양화로 125,37.554636,126.92036,서울특별시,마포구,1
154,마포경찰서후문,서울특별시 마포구 마포대로 173-14,37.5508,126.953432,서울특별시,마포구,1
155,공덕,서울특별시 마포구 마포대로 130,37.545913,126.952956,서울특별시,마포구,1
156,합정폴리스R,"서울특별시 마포구 양화로 45 (서교동,",37.5509,126.9134,서울특별시,마포구,1
157,홍대공항철도역,서울특별시 마포구 양화로 178,37.557491,126.925146,서울특별시,마포구,1
158,마포염리,서울특별시 마포구 독막로 311,37.543876000000004,126.94768,서울특별시,마포구,1
159,서강광흥창역,서울특별시 마포구 서강로 69,37.549377,126.931661,서울특별시,마포구,1
160,합정,"서울특별시 마포구 월드컵로1길 14 (합정동) 마포한강푸르지오 110, 111,",37.54963,126.912999,서울특별시,마포구,1
161,서강대흥역,서울특별시 마포구 백범로 89-5,37.548178,126.941576,서울특별시,마포구,1
162,서교동사거리,서울특별시 마포구 양화로 105,37.553376,126.91856399999999,서울특별시,마포구,1
163,상암사보이시티,서울특별시 마포구 월드컵북로54길 17,37.58147,126.88898300000001,서울특별시,마포구,1
164,신촌오거리,서울특별시 마포구 신촌로16길 10,37.555137,126.934694,서울특별시,마포구,1
165,상암디지털큐브,서울특별시 마포구 상암산로,37.5763132,126.8892477,서울특별시,마포구,1
166,상수역,서울특별시 마포구 독막로 88,37.547481700000006,126.92321579999998,서울특별시,마포구,1
167,공덕오거리,서울특별시 마포구 마포대로 86 (도화동),37.542464100000004,126.95057730000008,서울특별시,마포구,1
168,서교,서울특별시 마포구 양화로 78 (서교동) 서교빌딩,37.551384999999996,126.91692079999999,서울특별시,마포구,1
169,서강대,서울특별시 마포구 백범로 23,37.5524584,126.9378262,서울특별시,마포구,1
170,상암MBC,서울특별시 마포구 성암로 267,37.581297,126.89090800000001,서울특별시,마포구,1
171,홍대공원,서울특별시 마포구 와우산로 83,37.5518983,126.92324280000001,서울특별시,마포구,1
172,홍대역,"서울특별시 마포구 양화로 165, 상진빌딩 1층",37.557175,126.923654,서울특별시,마포구,1
173,동교,"서울특별시 마포구 월드컵북로 22, 영준빌딩 1층",37.556928000000006,126.91981899999999,서울특별시,마포구,1
174,애오개역,"서울특별시 마포구 마포대로 201, 마포트라팰리스II",37.55218737,126.9555203,서울특별시,마포구,1
175,홍대갤러리,"서울특별시 마포구 와우산로 101, 정명빌딩",37.55328184,126.92482790000001,서울특별시,마포구,1
176,상암DMC,"서울특별시 마포구 월드컵북로 375, DMC이안오피스텔1단지 102호,202호",37.577622999999996,126.89068400000001,서울특별시,마포구,1
177,마포일진빌딩,"서울특별시 마포구 마포대로 45, 일진빌딩 1층",37.54043451,126.9463168,서울특별시,마포구,1
178,마포아크로,서울특별시 마포구 마포대로 68 (도화동),37.54145556,126.948819,서울특별시,마포구,1
179,홍대삼거리,서울특별시 마포구 와우산로 64,37.550266,126.923179,서울특별시,마포구,1
180,망원역,서울특별시 마포구 월드컵로 74,37.555828999999996,126.91063700000001,서울특별시,마포구,1
181,마포이마트,서울특별시 마포구 백범로 212 (신공덕동),37.542421000000004,126.953341,서울특별시,마포구,1
182,합정메세나몰,"서울특별시 마포구 양화로 45 (서교동,",37.551004,126.913848,서울특별시,마포구,1
183,가재울뉴타운,서울 서대문구 가재울미래로 2,37.5749841,126.91644409999999,서울특별시,서대문구,1
184,신촌역,서울특별시 서대문구 신촌로 73,37.556166999999995,126.934673,서울특별시,서대문구,1
185,연희동,서울특별시 서대문구 연희로 97,37.566702,126.930475,서울특별시,서대문구,1
186,아현역,"서울특별시 서대문구 신촌로35길 10 (북아현동, E편한세상신촌",37.55782,126.95605800000001,서울특별시,서대문구,1
187,홍제역,서울특별시 서대문구 통일로 451,37.588658,126.94386399999999,서울특별시,서대문구,1
188,연세백양로,서울특별시 서대문구 연세로 50 (신촌동),37.562644,126.937529,서울특별시,서대문구,1
189,명지대,서울특별시 서대문구 거북골로 53,37.57826179999999,126.9223233,서울특별시,서대문구,1
190,연희DT,서울특별시 서대문구 연희로 144,37.570214299999996,126.9339777,서울특별시,서대문구,1
191,동교삼거리,서울특별시 서대문구 신촌로 1,37.559046,126.92742,서울특별시,서대문구,1
192,경기대,서울특별시 서대문구 충정로 53,37.56367995,126.9646045,서울특별시,서대문구,1
193,신촌대로,서울특별시 서대문구 신촌로 121,37.55624543,126.93927959999999,서울특별시,서대문구,1
194,신촌,서울특별시 서대문구 연세로 10-1,37.55648577,126.9371155,서울특별시,서대문구,1
195,이대R,서울특별시 서대문구 이화여대길 34,37.55848315,126.94596429999999,서울특별시,서대문구,1
196,연세종합관,"서울특별시 서대문구 연세로 50, 연세세브란스 종합관",37.56177145,126.94147079999999,서울특별시,서대문구,1
197,이대ECC,서울특별시 서대문구 이화여대길 52 (대현동) 이화여자대학교,37.561631,126.94735,서울특별시,서대문구,1
198,연대,서울특별시 서대문구 연세로 35,37.558706,126.936727,서울특별시,서대문구,1
199,신촌아트레온,서울특별시 서대문구 신촌로 129,37.556505,126.940238,서울특별시,서대문구,1
200,충정로역,서울특별시 서대문구 충정로,37.561370000000004,126.963219,서울특별시,서대문구,1
201,연대동문,서울특별시 서대문구 성산로 565,37.566385,126.946273,서울특별시,서대문구,1
202,신촌명물거리,"서울특별시 서대문구 명물길 24, 1-5층",37.557796,126.93809499999999,서울특별시,서대문구,1
203,충정타워,"서울특별시 서대문구 서소문로 21, 충정타워빌딩 1층",37.559869,126.96411,서울특별시,서대문구,1
204,강남교보타워R,서울특별시 서초구 강남대로 465,37.503789000000005,127.024075,서울특별시,서초구,1
205,방배다이치빌딩,서울특별시 서초구 방배로 114,37.484328999999995,126.99587199999999,서울특별시,서초구,1
206,센트럴F1,서울특별시 서초구 신반포로 176,37.505148,127.004395,서울특별시,서초구,1
207,서초역이화빌딩,서울특별시 서초구 반포대로21길 3,37.487931,127.009126,서울특별시,서초구,1
208,서초구청,서울특별시 서초구 남부순환로 2557,37.484206,127.030103,서울특별시,서초구,1
209,서초우성사거리,서울특별시 서초구 강남대로 343,37.493545000000005,127.02943,서울특별시,서초구,1
210,이수역사거리,"서울특별시 서초구 서초대로 3-4 (방배동,",37.48585,126.983027,서울특별시,서초구,1
211,강남대로신사,서울특별시 서초구 강남대로 595,37.51489,127.019469,서울특별시,서초구,1
212,서울고속터미널,서울특별시 서초구 신반포로 194,37.504406,127.005648,서울특별시,서초구,1
213,강남대로논현R,서울특별시 서초구 강남대로85길 5,37.507413,127.02256799999999,서울특별시,서초구,1
214,방배,서울특별시 서초구 방배로,37.491914,126.99049739999998,서울특별시,서초구,1
215,방배카페거리,서울특별시 서초구 방배중앙로 162,37.4934767,126.9865297,서울특별시,서초구,1
216,서초법원,서울특별시 서초구 서초대로 274,37.49297,127.011875,서울특별시,서초구,1
217,청계산입구역,서울특별시 서초구 청계산로 203,37.447323,127.05625,서울특별시,서초구,1
218,사당로데오,서울특별시 서초구 방배천로,37.4772752,126.98216049999996,서울특별시,서초구,1
219,파미에파크R,서울특별시 서초구 사평대로 205 (반포동),37.5030521,127.00436200000001,서울특별시,서초구,1
220,교대역,서울특별시 서초구 서초중앙로 138 (서초동),37.494207,127.01393999999999,서울특별시,서초구,1
221,양재역,서울특별시 서초구 강남대로 202 (양재동),37.4820475,127.0367682,서울특별시,서초구,1
222,논현역,서울특별시 서초구 강남대로 557 (잠원동),37.5111983,127.0205875,서울특별시,서초구,1
223,이수역,서울특별시 서초구 동작대로 112,37.4864664,126.98274029999992,서울특별시,서초구,1
224,내방역,서울특별시 서초구 방배로 184 (방배동),37.490004,126.992455,서울특별시,서초구,1
225,서초파라곤,서울특별시 서초구 서초대로74길 29 (서초동),37.494941,127.027422,서울특별시,서초구,1
226,서울아트센터,서울특별시 서초구 남부순환로 2395 (서초동),37.480866,127.012368,서울특별시,서초구,1
227,서초중앙로,서울특별시 서초구 서초중앙로,37.501690999999994,127.01151999999999,서울특별시,서초구,1
228,센트럴시티,서울특별시 서초구 신반포로 176,37.504707,127.00445900000001,서울특별시,서초구,1
229,강남삼성타운,서울특별시 서초구 서초대로78길 24,37.49562035,127.02771440000001,서울특별시,서초구,1
230,방배역,서울특별시 서초구 방배로 84,37.48200755,126.9976438,서울특별시,서초구,1
231,반포역,서울특별시 서초구 신반포로 257 (잠원동),37.508589,127.011959,서울특별시,서초구,1
232,남부터미널,"서울특별시 서초구 서초중앙로 26, 래미안서초유니빌 1층 101호",37.48467334,127.01694640000001,서울특별시,서초구,1
233,뉴코아강남,서울특별시 서초구 잠원로 69 (잠원동),37.51031339,127.0069582,서울특별시,서초구,1
234,강남2,"서울특별시 서초구 서초대로77길 27, 유빌딩 1,2층",37.5000875,127.02549090000002,서울특별시,서초구,1
235,교대,서울특별시 서초구 서초중앙로 118,37.492361100000004,127.0142207,서울특별시,서초구,1
236,하이브랜드,"서울특별시 서초구 매헌로 16, 리빙관 101호",37.46330766,127.03684469999999,서울특별시,서초구,1
237,신논현역,서울특별시 서초구 강남대로 483 (반포동),37.50529,127.02363600000001,서울특별시,서초구,1
238,영동2교,"서울특별시 서초구 논현로 139, 대흥빌딩",37.48203954,127.0425748,서울특별시,서초구,1
239,남부터미널2,서울특별시 서초구 효령로 274,37.48436736,127.0142192,서울특별시,서초구,1
240,서래마을입구,서울특별시 서초구 서래로 48,37.49925284,126.9984801,서울특별시,서초구,1
241,몬테소리,서울특별시 서초구 강남대로 399,37.4982695,127.02686499999999,서울특별시,서초구,1
242,서초역,서울특별시 서초구 반포대로 118,37.49067495,127.0086118,서울특별시,서초구,1
243,예술의전당,"서울특별시 서초구 남부순환로323길 1, 1층",37.48115265,127.01347240000001,서울특별시,서초구,1
244,교대법원,서울특별시 서초구 서초중앙로 164,37.496328999999996,127.01333600000001,서울특별시,서초구,1
245,강남GT타워,"서울특별시 서초구 서초대로 411, GT타워",37.498056,127.02583300000003,서울특별시,서초구,1
246,서초동,"서울특별시 서초구 남부순환로339길 64, 현우빌딩 1층",37.485941,127.021525,서울특별시,서초구,1
247,서울교대,"서울특별시 서초구 서초중앙로 64, 1층",37.487396999999994,127.015134,서울특별시,서초구,1
248,강남에비뉴,"서울특별시 서초구 서초대로77길 62, 강남역아이파크 B102~B105",37.5027,127.023894,서울특별시,서초구,1
249,종암DT,서울특별시 성북구 종암로 17,37.591952500000005,127.03604009999998,서울특별시,성북구,1
250,미아,서울특별시 성북구 동소문로 314,37.607581,127.029303,서울특별시,성북구,1
251,성신여대정문,서울특별시 성북구 보문로34길 62,37.59091,127.0188,서울특별시,성북구,1
252,종암,서울특별시 성북구 종암로 122,37.601095,127.033847,서울특별시,성북구,1
253,삼선교,서울특별시 성북구 동소문로 10,37.588696,127.00732070000004,서울특별시,성북구,1
254,월곡역,"서울특별시 성북구 화랑로 76, 101-1호",37.601718,127.040446,서울특별시,성북구,1
255,고대,서울특별시 성북구 인촌로24길 51,37.58397192,127.02973519999999,서울특별시,성북구,1
256,현대미아,"서울특별시 성북구 동소문로 315, 현대백화점미아점 지하 1층",37.60837822,127.0287483,서울특별시,성북구,1
257,성신여대,서울특별시 성북구 동소문로24길 12,37.593135,127.01837900000001,서울특별시,성북구,1
258,안암역,서울특별시 성북구 인촌로 102-2,37.586319,127.030556,서울특별시,성북구,1
259,한성대입구역,서울특별시 성북구 성북로 11,37.589054,127.00483899999999,서울특별시,성북구,1
260,송파나루역DT,서울특별시 송파구 오금로 142,37.510793,127.11026580000001,서울특별시,송파구,1
261,잠실시그마타워,서울특별시 송파구 올림픽로 289,37.514567,127.102493,서울특별시,송파구,1
262,문정법원로R,서울특별시 송파구 송파대로 201,37.487446999999996,127.11916399999998,서울특별시,송파구,1
263,송파개롱역,서울특별시 송파구 오금로 420,37.496956,127.13651999999999,서울특별시,송파구,1
264,문정하비오,"서울특별시 송파구 송파대로 111 (문정동, 파크하비오) 204동",37.481925,127.123446,서울특별시,송파구,1
265,문정역,서울특별시 송파구 송파대로 167 (문정동)테라타워 B동,37.484813,127.12223700000001,서울특별시,송파구,1
266,잠실대교남단R,서울특별시 송파구 올림픽로35길 141,37.515511,127.099006,서울특별시,송파구,1
267,송파위례,"서울특별시 송파구 위례광장로 230 (장지동,",37.478264,127.14406699999999,서울특별시,송파구,1
268,송파방이DT,서울특별시 송파구 오금로 241,37.506564000000004,127.12049499999999,서울특별시,송파구,1
269,송파구청,서울특별시 송파구 오금로 87,37.514573,127.107404,서울특별시,송파구,1
270,올림픽평화의문,서울특별시 송파구 위례성대로 38 (방이동),37.51564260000001,127.11648190000004,서울특별시,송파구,1
271,송파아이파크,서울특별시 송파구 법원로 55,37.479892,127.12237900000001,서울특별시,송파구,1
272,송파사거리,서울특별시 송파구 송파대로 386,37.50227879999999,127.11039040000001,서울특별시,송파구,1
273,석촌서호,서울특별시 송파구 석촌호수로 176,37.5063929,127.0964684,서울특별시,송파구,1
274,문정로데오,서울특별시 송파구 동남로 141,37.491904999999996,127.1262696,서울특별시,송파구,1
275,올림픽훼미리,서울특별시 송파구 중대로 68,37.491626000000004,127.116308,서울특별시,송파구,1
276,올림픽공원남문,서울특별시 송파구 위례성대로 102,37.5133,127.12311299999999,서울특별시,송파구,1
277,방이역,"서울특별시 송파구 마천로 53, 1~2층",37.508666,127.12656899999999,서울특별시,송파구,1
278,석촌호수,서울특별시 송파구 석촌호수로 262,37.509581,127.104993,서울특별시,송파구,1
279,잠실푸르지오월드,"서울특별시 송파구 올림픽로35가길 9, 잠실푸르지오월드마크 1층",37.517649,127.103426,서울특별시,송파구,1
280,잠실새내역,서울특별시 송파구 올림픽로 96,37.511679,127.08106200000002,서울특별시,송파구,1
281,잠실역,"서울특별시 송파구 송파대로 562, 한빛프라자 1층, 2층",37.515271999999996,127.099231,서울특별시,송파구,1
282,갤러리아팰리스,"서울특별시 송파구 올림픽로 212, 갤러리아 팰리스",37.51108365,127.0938059,서울특별시,송파구,1
283,아시아선수촌,서울특별시 송파구 백제고분로 69,37.51052862,127.0790472,서울특별시,송파구,1
284,올림픽아파트,서울특별시 송파구 양재대로 1222,37.515315,127.13323700000001,서울특별시,송파구,1
285,가락본동,서울특별시 송파구 송파대로30길 13,37.494895,127.118785,서울특별시,송파구,1
286,석촌역,"서울특별시 송파구 백제고분로 358, 1층",37.5042626,127.10610769999994,서울특별시,송파구,1
287,가락시장역,"서울특별시 송파구 중대로 121, 롯데캐슬 파인힐 1층",37.494299,127.121354,서울특별시,송파구,1
288,가든파이브,서울특별시 송파구 충민로 10 (문정동),37.4782316,127.1193703,서울특별시,송파구,1
289,등촌역,서울특별시 양천구 공항대로 566 (목동) 1층,37.548884,126.86806999999999,서울특별시,양천구,1
290,목동행복한,서울특별시 양천구 목동동로 309,37.529146999999995,126.876099,서울특별시,양천구,1
291,신정DT,서울특별시 양천구 신월로 341,37.521993,126.858865,서울특별시,양천구,1
292,목동역,서울특별시 양천구 목동로 203 (신정동),37.526684,126.86398600000001,서울특별시,양천구,1
293,목동오목로,서울특별시 양천구 오목로 279 (목동),37.525923,126.86843799999998,서울특별시,양천구,1
294,목동8단지,서울특별시 양천구 목동서로 299,37.520518,126.86884099999999,서울특별시,양천구,1
295,오목교역,서울특별시 양천구 오목로 354,37.523588200000006,126.87652120000007,서울특별시,양천구,1
296,신월IC DT,서울특별시 양천구 남부순환로 430,37.5294984,126.83198300000001,서울특별시,양천구,1
297,목동7단지,서울특별시 양천구 목동서로 213 (목동),37.528012,126.87053,서울특별시,양천구,1
298,목동하이페리온,서울특별시 양천구 오목로 300,37.524931,126.87031599999999,서울특별시,양천구,1
299,목동5단지,"서울특별시 양천구 목동동로 411, 1동 116호(목동,",37.536706,126.88212,서울특별시,양천구,1
300,목동,서울특별시 양천구 목동서로 67 (목동),37.53638383,126.87855970000001,서울특별시,양천구,1
301,현대목동,"서울특별시 양천구 목동동로 257, 현대백화점목동점 지하 2층",37.526848,126.875023,서울특별시,양천구,1
302,목동파라곤,"서울특별시 양천구 목동서로 155, 목동파라곤 1층",37.52947,126.874996,서울특별시,양천구,1
303,샛강역,서울특별시 영등포구 여의대방로 376,37.5183551,126.9312716,서울특별시,영등포구,1
304,영등포역,서울특별시 영등포구 경인로 870,37.5169614,126.909139,서울특별시,영등포구,1
305,당산대로,서울특별시 영등포구 양평로 22,37.533121,126.90380400000001,서울특별시,영등포구,1
306,여의도IFC몰(L1)R,서울특별시 영등포구 국제금융로 10 (여의도동) 지하1층,37.525127000000005,126.92550800000001,서울특별시,영등포구,1
307,여의도KBS R,서울특별시 영등포구 의사당대로 26,37.526596000000005,126.918456,서울특별시,영등포구,1
308,여의도화재보험,서울특별시 영등포구 국제금융로6길 38,37.521345000000004,126.926004,서울특별시,영등포구,1
309,국회대로,서울특별시 영등포구 국회대로 786,37.53026,126.919549,서울특별시,영등포구,1
310,영등포KT,서울특별시 영등포구 영중로 119,37.526792,126.904706,서울특별시,영등포구,1
311,여의도공원R,서울특별시 영등포구 여의공원로 101,37.529231,126.924872,서울특별시,영등포구,1
312,국회의사당역,서울특별시 영등포구 의사당대로 8,37.527831,126.916882,서울특별시,영등포구,1
313,선유도역,서울특별시 영등포구 양평로 115,37.537268,126.894594,서울특별시,영등포구,1
314,여의도역,서울특별시 영등포구 의사당대로 83 (여의도동),37.523328,126.92343899999999,서울특별시,영등포구,1
315,선유동이레빌딩,서울특별시 영등포구 선유동2로 57 (양평제1동),37.534109,126.89691200000001,서울특별시,영등포구,1
316,동여의도,서울특별시 영등포구 국제금융로 86 (여의도동) 롯데캐슬,37.5199494,126.9317957,서울특별시,영등포구,1
317,여의도ABL타워,서울특별시 영등포구 의사당대로 147 (여의도동),37.518749,126.92778999999999,서울특별시,영등포구,1
318,영등포신길DT,서울특별시 영등포구 신길로 137,37.504566,126.910073,서울특별시,영등포구,1
319,문래역,서울특별시 영등포구 당산로 34,37.517428,126.896475,서울특별시,영등포구,1
320,당산,서울특별시 영등포구 양평로 64,37.535164,126.899942,서울특별시,영등포구,1
321,여의도한양증권,서울특별시 영등포구 국제금융로6길 7 (여의도동),37.522418,126.929093,서울특별시,영등포구,1
322,여의도일신,서울특별시 영등포구 은행로 11 (여의도동) 1층,37.528,126.920103,서울특별시,영등포구,1
323,신세계영등포B2,"서울특별시 영등포구 영중로 9, 신세계백화점 B관 지하2층",37.517162,126.905608,서울특별시,영등포구,1
324,하이테크시티,서울특별시 영등포구 경인로 775 (문래동3가),37.51467062,126.89864740000002,서울특별시,영등포구,1
325,당산역,"서울특별시 영등포구 당산로 231, 대원빌딩 1,2층",37.53443370000001,126.90187630000001,서울특별시,영등포구,1
326,서여의도,서울특별시 영등포구 국회대로70길 15-1,37.52958977,126.920272,서울특별시,영등포구,1
327,여의도,서울특별시 영등포구 국제금융로2길 28,37.52403519,126.9245179,서울특별시,영등포구,1
328,여의도미래에셋대우,"서울특별시 영등포구 국제금융로 56, 대우증권빌딩 1층",37.52226158,126.92964640000001,서울특별시,영등포구,1
329,롯데캐슬여의도,서울특별시 영등포구 의사당대로 127 (여의도동) 롯데캐슬앰파이어 1층,37.52025214,126.92636780000001,서울특별시,영등포구,1
330,문래동,"서울특별시 영등포구 선유로 64, 대창타운빌 1층",37.519602,126.889652,서울특별시,영등포구,1
331,신세계영등포B,"서울특별시 영등포구 영중로 9, 신세계백화점 B관 1층",37.517162,126.905608,서울특별시,영등포구,1
332,여의도호성,"서울특별시 영등포구 여의대방로65길 24, 호성빌딩 1층",37.520176,126.929426,서울특별시,영등포구,1
333,타임스퀘어B2,"서울특별시 영등포구 영중로 15, 타임스퀘어 단지 지하2층",37.516985,126.90338700000001,서울특별시,영등포구,1
334,영등포본동,서울특별시 영등포구 영등포로 254,37.518713,126.909559,서울특별시,영등포구,1
335,타임스퀘어,서울특별시 영등포구 영중로 15 (영등포동4가),37.516985,126.90338700000001,서울특별시,영등포구,1
336,여의도의사당,"서울특별시 영등포구 국회대로74길 12, 남중빌딩 1층",37.530023,126.92108999999999,서울특별시,영등포구,1
337,여의도IFC(1F),서울특별시 영등포구 국제금융로 10,37.525273,126.924668,서울특별시,영등포구,1
338,불광역,서울시 은평구 통일로 715,37.609382000000004,126.9303971,서울특별시,은평구,1
339,구파발사거리,서울시 은평구 진관3로 21 은평엘크루 101동,37.639617,126.91881000000001,서울특별시,은평구,1
340,연신내역사거리,서울특별시 은평구 통일로 842,37.61862,126.92206200000001,서울특별시,은평구,1
341,연신내,서울특별시 은평구 통일로 867,37.620416999999996,126.919913,서울특별시,은평구,1
342,구파발역,서울특별시 은평구 진관2로,37.63446,126.918881,서울특별시,은평구,1
343,은평구청입구,서울특별시 은평구 은평로 170,37.601042,126.92678899999999,서울특별시,은평구,1
344,은평이마트,서울특별시 은평구 은평로 111,37.60037923,126.92027350000001,서울특별시,은평구,1
345,구산역,서울특별시 은평구 연서로 146,37.611745,126.91767800000001,서울특별시,은평구,1
346,연합뉴스,서울특별시 종로구 율곡로2길 25,37.5743289,126.9804590000005,서울특별시,종로구,1
347,혜화역,서울시 종로구 대학로12길 4,37.5824779,127.00218500000001,서울특별시,종로구,1
348,경희궁로,서울특별시 종로구 새문안로3길 15,37.571759,126.972343,서울특별시,종로구,1
349,종로평창동,서울특별시 종로구 평창12길 3,37.606149,126.96721299999999,서울특별시,종로구,1
350,광화문우체국,서울특별시 종로구 종로 6,37.569854,126.97808300000001,서울특별시,종로구,1
351,더종로R,서울특별시 종로구 종로 51,37.570803999999995,126.983494,서울특별시,종로구,1
352,독립문역,서울특별시 종로구 통일로 168-1,37.571432,126.961269,서울특별시,종로구,1
353,정부서울청사R,서울특별시 종로구 새문안로5가길 28,37.574411,126.97357099999999,서울특별시,종로구,1
354,동묘앞역,"서울특별시 종로구 종로 344 (숭인동, 대우디오빌) 101호 일부, 201호",37.5727,127.016072,서울특별시,종로구,1
355,종로구청,서울특별시 종로구 삼봉로 71,37.572662,126.98113799999999,서울특별시,종로구,1
356,북촌로,서울특별시 종로구 북촌로4길 23,37.579462,126.98643100000001,서울특별시,종로구,1
357,종로수송,서울특별시 종로구 종로5길 30 (청진동),37.571493100000005,126.9807831,서울특별시,종로구,1
358,새문안로,서울특별시 종로구 새문안로 92 (신문로1가),37.5696597,126.9748903,서울특별시,종로구,1
359,안국,서울특별시 종로구 북촌로 5-1,37.577338,126.98563500000002,서울특별시,종로구,1
360,삼청동,서울특별시 종로구 삼청로 111-1,37.585381,126.9817512,서울특별시,종로구,1
361,광화문D타워,서울특별시 종로구 종로3길 17 (청진동),37.5714,126.9788297,서울특별시,종로구,1
362,서울극장,서울특별시 종로구 돈화문로 13 (관수동),37.56975769,126.99179109999999,서울특별시,종로구,1
363,적선,"서울특별시 종로구 새문안로5길 55, 노스게이트빌딩 1층",37.57520431,126.9739361,서울특별시,종로구,1
364,인사,서울특별시 종로구 인사동길 14,37.57212929999999,126.98703490000003,서울특별시,종로구,1
365,영풍문고,서울특별시 종로구 청계천로 41 (서린동),37.5695584,126.9821243,서울특별시,종로구,1
366,광화문R,"서울특별시 종로구 세종대로 167, 현대해상본사사옥 별관내",37.57122929999999,126.9762872,서울특별시,종로구,1
367,성대입구,서울특별시 종로구 창경궁로 235,37.582892,126.998392,서울특별시,종로구,1
368,스페이스본,서울특별시 종로구 사직로8길 4 (사직동) 광화문,37.57532212,126.9692494,서울특별시,종로구,1
369,주얼리시티,서울특별시 종로구 종로 183 (인의동),37.57154914,126.998705,서울특별시,종로구,1
370,종각,서울특별시 종로구 종로 64,37.5699183,126.98452810000003,서울특별시,종로구,1
371,새종로,서울특별시 종로구 삼일대로19길 20,37.56965628,126.9864483,서울특별시,종로구,1
372,광교,서울특별시 종로구 청계천로 59,37.568928,126.9842163,서울특별시,종로구,1
373,동숭로아트,서울특별시 종로구 동숭길 110,37.582969,127.003876,서울특별시,종로구,1
374,종로관철,"서울특별시 종로구 종로12길 21, 2층",37.569058,126.98601299999999,서울특별시,종로구,1
375,경복궁역,"서울특별시 종로구 자하문로4길 6, 1층",37.5771508,126.97274530000004,서울특별시,종로구,1
376,이마빌딩,서울특별시 종로구 종로1길 42,37.573863700000004,126.97897149999994,서울특별시,종로구,1
377,대명거리,서울특별시 종로구 대명길 5,37.58349633,127.00115929999998,서울특별시,종로구,1
378,마로니에공원,"서울특별시 종로구 대학로 116, 1-2층",37.58154296,127.0023412,서울특별시,종로구,1
379,종로3가,"서울특별시 종로구 종로 113-1, 1-4층",37.5705527,126.99020549999999,서울특별시,종로구,1
380,대학로,"서울특별시 종로구 대학로 57, 홍익대학교 대학로캠퍼스 內",37.576509,127.001449,서울특별시,종로구,1
381,종로2가,서울특별시 종로구 삼일대로 403-1,37.570631,126.987362,서울특별시,종로구,1
382,경복궁사거리,"서울특별시 종로구 율곡로 6, B동 101호(중학동,",37.575578,126.980581,서울특별시,종로구,1
383,종로관수,서울특별시 종로구 삼일대로20길 13,37.569385,126.988665,서울특별시,종로구,1
384,숭례문북창,서울특별시 중구 세종대로12길 12,37.561725,126.97683799999999,서울특별시,중구,1
385,대한상공회의소R,서울시 중구 세종대로 39 상공회의소회관,37.560938,126.973702,서울특별시,중구,1
386,명동센트럴,서울특별시 중구 명동9길 16,37.564669,126.98523300000001,서울특별시,중구,1
387,국립중앙의료원,서울특별시 중구 을지로 251,37.566516,127.00623759999999,서울특별시,중구,1
388,동국대,서울특별시 중구 서애로 1길,37.561541999999996,126.99843700000001,서울특별시,중구,1
389,신세계본점5F,서울특별시 중구 소공로 63,37.560951,126.98113400000001,서울특별시,중구,1
390,을지로내외빌딩R,서울특별시 중구 을지로 51,37.566479,126.98366299999999,서울특별시,중구,1
391,대우재단빌딩,서울특별시 중구 퇴계로 18,37.556781,126.975081,서울특별시,중구,1
392,동대문공원,서울특별시 중구 장충단로 229,37.565133,127.00719099999999,서울특별시,중구,1
393,을지로국제빌딩,서울특별시 중구 남대문로 109,37.566952,126.982219,서울특별시,중구,1
394,동대입구역,서울특별시 중구 장충단로 166,37.559593,127.006142,서울특별시,중구,1
395,신당역사거리,서울특별시 중구 다산로 258,37.565807,127.01643,서울특별시,중구,1
396,연세세브란스,서울특별시 중구 통일로 10,37.557207,126.97353999999999,서울특별시,중구,1
397,회현역,서울특별시 중구 퇴계로 72 (회현동),37.5589809,126.98074670000004,서울특별시,중구,1
398,을지로경기빌딩,서울특별시 중구 남대문로10길 9 (삼각동),37.567172,126.98315600000001,서울특별시,중구,1
399,을지로2가,서울특별시 중구 삼일대로 358,37.566347,126.98806599999999,서울특별시,중구,1
400,신세계본점6F,서울특별시 중구 퇴계로 77,37.560381,126.98075800000001,서울특별시,중구,1
401,서울중앙우체국,서울특별시 중구 소공로 70 (충무로 1가) 서울 중앙,37.561678,126.98211699999999,서울특별시,중구,1
402,한국프레스센터,서울특별시 중구 세종대로 124,37.567381,126.97785900000001,서울특별시,중구,1
403,명동중앙로,서울특별시 중구 명동길 60 (명동,37.563748499999996,126.9857723,서울특별시,중구,1
404,약수역,서울특별시 중구 다산로 129,37.555437,127.0107253,서울특별시,중구,1
405,중구저동,서울특별시 중구 수표로 34,37.5643686,126.9903382,서울특별시,중구,1
406,명동길,서울특별시 중구 명동10길,37.5620695,126.9858669,서울특별시,중구,1
407,소공로북창,서울특별시 중구 세종대로18길 32 (소공동),37.5636856,126.9789237,서울특별시,중구,1
408,서소문로,서울특별시 중구 서소문로 120 (서소문동),37.563006,126.97454599999999,서울특별시,중구,1
409,신당역,"서울특별시 중구 퇴계로 385, 1층",37.565521999999994,127.014554,서울특별시,중구,1
410,명동메트로,서울특별시 중구 명동9가길 14 (을지로1가),37.565118,126.983681,서울특별시,중구,1
411,숭례문,"서울특별시 중구 세종대로 17, 와이즈타워 1층",37.55874473,126.9730952,서울특별시,중구,1
412,순화동더샵,"서울특별시 중구 칠패로 27, 1층",37.560072,126.97193100000001,서울특별시,중구,1
413,대한극장,서울특별시 중구 퇴계로 212 (필동,37.56105065,126.99527350000001,서울특별시,중구,1
414,소공동,서울특별시 중구 소공로 112,37.564448,126.979157,서울특별시,중구,1
415,무교동,서울특별시 중구 무교로 21 (무교동) 코오롱빌딩,37.56781712,126.97873799999999,서울특별시,중구,1
416,문화일보,서울특별시 중구 새문안로 22 (충정로1가),37.56712291,126.9686642,서울특별시,중구,1
417,태평로,"서울특별시 중구 세종대로 72, 대영빌딩 1층",37.56248285,126.97679280000001,서울특별시,중구,1
418,퍼시픽타워,"서울특별시 중구 세종대로9길 41, 퍼시픽타워 1층",37.56132157,126.9730264,서울특별시,중구,1
419,남산단암,"서울특별시 중구 소월로 10, 단암빌딩",37.55853622,126.9754585,서울특별시,중구,1
420,황학캐슬,서울특별시 중구 청계천로 400 (황학동),37.57124,127.02290500000001,서울특별시,중구,1
421,서소문,서울특별시 중구 서소문로 130,37.5633773,126.9755129,서울특별시,중구,1
422,명동미래,"서울특별시 중구 명동 7길 8, 2층 (명동",37.564064,126.98448700000002,서울특별시,중구,1
423,을지로삼화타워,서울특별시 중구 을지로5길 16,37.566902,126.984707,서울특별시,중구,1
424,소공로,"서울특별시 중구 남대문로7길 19, 삼영빌딩 1층 일부",37.5637273,126.98076809999998,서울특별시,중구,1
425,서소문배재,서울특별시 중구 서소문로 99,37.562848100000004,126.9721664,서울특별시,중구,1
426,을지로한국빌딩,"서울특별시 중구 을지로 50, 1층 (을지로",37.565721999999994,126.98329,서울특별시,중구,1
427,순화동에이스,서울특별시 중구 통일로 92 (순화동),37.563528000000005,126.969144,서울특별시,중구,1
428,시청,"서울특별시 중구 을지로 19, 삼성화재삼성빌딩 1층",37.56629,126.979808,서울특별시,중구,1
429,시청플러스,"서울특별시 중구 을지로 19, 삼성화재삼성빌딩 1층",37.566338,126.98005500000001,서울특별시,중구,1
430,충무로역,"서울특별시 중구 퇴계로 197, 충무빌딩 1층 (필동",37.561499,126.99386399999999,서울특별시,중구,1
431,명동역,"서울특별시 중구 퇴계로 101, 건물 전체 (충무로",37.560832,126.98309499999999,서울특별시,중구,1
432,남산스테이트,서울특별시 중구 퇴계로 100,37.560204999999996,126.98279099999999,서울특별시,중구,1
433,명동입구,서울특별시 중구 남대문로 68-1,37.563319,126.982242,서울특별시,중구,1
434,명일역,서울특별시 강동구 양재대로 1647,37.55258,127.143799,서울특별시,강동구,1
435,강동구청DT,서울특별시 강동구 성내로 32,37.529437,127.12383500000001,서울특별시,강동구,1
436,강동암사DT,서울특별시 강동구 고덕로 43,37.555054,127.13006499999999,서울특별시,강동구,1
437,강동역,"서울특별시 강동구 천호대로 1089 (천호동, 강동",37.536046999999996,127.133086,서울특별시,강동구,1
438,둔촌동,서울특별시 강동구 양재대로 1303 (성내동),37.522724,127.13394299999999,서울특별시,강동구,1
439,천호로데오,서울특별시 강동구 천호대로 1037,37.53780689999999,127.12730940000006,서울특별시,강동구,1
440,천호이마트,서울특별시 강동구 천호대로 1015-14 (천호동),37.538933,127.12521399999999,서울특별시,강동구,1
441,길동역,서울특별시 강동구 양재대로 1487,37.53874329999999,127.1399879,서울특별시,강동구,1
442,상일동,"서울특별시 강동구 상일로10길 36, 1~2층",37.550072,127.17425800000001,서울특별시,강동구,1
443,올림픽공원북문,서울특별시 강동구 강동대로 171,37.525403000000004,127.125932,서울특별시,강동구,1
444,천호역,"서울특별시 강동구 천호대로 1012, 태승빌딩",37.53795191,127.12457930000001,서울특별시,강동구,1
445,명일이마트,서울특별시 강동구 동남로75길 5 (명일동),37.553990999999996,127.155984,서울특별시,강동구,1
446,길동사거리,"서울특별시 강동구 양재대로 1441, 1층",37.534653600000006,127.13839510000003,서울특별시,강동구,1
447,신도림,서울특별시 구로구 경인로 610,37.505517,126.883953,서울특별시,구로구,1
448,구로디지털타워,서울특별시 구로구 디지털로32길 30,37.483432,126.89648000000001,서울특별시,구로구,1
449,오류동역,서울특별시 구로구 경인로 216,37.496215500000005,126.8448614,서울특별시,구로구,1
450,구로디지털로,"서울특별시 구로구 디지털로33길 11, 에이스테크노8차 1층",37.485911,126.895587,서울특별시,구로구,1
451,신세계아이앤씨,"서울특별시 구로구 디지털로31길 61, 신세계디지털센터 101호",37.48587904,126.89161270000001,서울특별시,구로구,1
452,구로에이스,"서울특별시 구로구 디지털로 285, 에이스트윈타워1차 103호",37.48448329,126.8944957,서울특별시,구로구,1
453,구로하이엔드,"서울특별시 구로구 디지털로26길 5, 에이스하이엔드타워1차 103호",37.481618,126.89313600000001,서울특별시,구로구,1
454,현대디큐브2F,서울특별시 구로구 경인로 662,37.508635999999996,126.889225,서울특별시,구로구,1
455,구로호텔,"서울특별시 구로구 디지털로32길 72, 구로호텔 1층",37.483129299999995,126.89885909999998,서울특별시,구로구,1
456,현대디큐브B2,서울특별시 구로구 경인로 662,37.508828,126.88948799999999,서울특별시,구로구,1
457,답십리역,서울특별시 동대문구 천호대로 263,37.568466,127.051106,서울특별시,동대문구,1
458,경희대삼거리,서울특별시 동대문구 회기로 141,37.591530999999996,127.05201699999999,서울특별시,동대문구,1
459,외대정문,서울특별시 동대문구 이문로 93,37.5953464,127.05903020000001,서울특별시,동대문구,1
460,신설동역,서울특별시 동대문구 왕산로 19,37.57672279999999,127.0255446,서울특별시,동대문구,1
461,회기역사거리,서울특별시 동대문구 이문로 37,37.590784,127.05609799999999,서울특별시,동대문구,1
462,외대,서울특별시 동대문구 휘경로 12-1,37.59575188,127.06140020000001,서울특별시,동대문구,1
463,장한평역,서울특별시 동대문구 장한로 10,37.562337,127.06551100000001,서울특별시,동대문구,1
464,경희대,서울특별시 동대문구 경희대로 16-1,37.5928812,127.05280849999995,서울특별시,동대문구,1
465,뚝섬역,서울특별시 성동구 아차산로 42,37.546432,127.04904199999999,서울특별시,성동구,1
466,황학사거리,"서울특별시 성동구 왕십리로 410 (하왕십리동,",37.567644,127.023697,서울특별시,성동구,1
467,성수역,서울특별시 성동구 성수이로 94,37.543193,127.05694299999999,서울특별시,성동구,1
468,상왕십리역,서울특별시 성동구 왕십리로 382,37.565169,127.02790700000001,서울특별시,성동구,1
469,왕십리역,서울특별시 성동구 왕십리로 326,37.5627541,127.03390719999999,서울특별시,성동구,1
470,엔터식스한양대,서울특별시 성동구 행당동 왕십리로 241,37.5570379,127.04002,서울특별시,성동구,1
471,한양대,서울특별시 성동구 왕십리로 225,37.55726984,127.0421649,서울특별시,성동구,1
472,엔터식스,서울특별시 성동구 왕십리광장로 17,37.56175811,127.03833279999999,서울특별시,성동구,1
473,성수이마트,서울특별시 성동구 뚝섬로 379 (성수동2가) 이마트,37.539699600000006,127.05300829999999,서울특별시,성동구,1
474,이태원역,서울특별시 용산구 이태원로 188,37.534273,126.99478899999998,서울특별시,용산구,1
475,한강진역R,서울특별시 용산구 이태원로 252,37.537131,127.00098,서울특별시,용산구,1
476,용산역써밋R,"서울특별시 용산구 한강대로 69 (한강로2가,",37.527586,126.965401,서울특별시,용산구,1
477,이촌,서울특별시 용산구 이촌로 276,37.518605,126.977271,서울특별시,용산구,1
478,신용산역,"서울특별시 용산구 한강대로 95 (한강로2가,",37.528702,126.966757,서울특별시,용산구,1
479,용산파크타워,"서울특별시 용산구 서빙고로 67 (용산동5가,",37.523818,126.97038899999998,서울특별시,용산구,1
480,남영동,서울특별시 용산구 한강대로 275,37.542831,126.972242,서울특별시,용산구,1
481,한남동R,서울특별시 용산구 독서당로 94,37.53485,127.010919,서울특별시,용산구,1
482,서울타워,서울특별시 용산구 남산공원길 105 (용산동2가) YTN서울타워,37.551102,126.988317,서울특별시,용산구,1
483,서울역동자동,서울특별시 용산구 한강대로 372,37.551752,126.97269399999999,서울특별시,용산구,1
484,이태원거리,"서울특별시 용산구 이태원로 213, 1,2층",37.534988,126.99756000000001,서울특별시,용산구,1
485,순천향입구,서울특별시 용산구 대사관로 67,37.533394,127.00563000000001,서울특별시,용산구,1
486,숙대,서울특별시 용산구 청파로47길 57,37.54460479,126.96722520000002,서울특별시,용산구,1
487,동빙고,서울특별시 용산구 장문로 12,37.5289857,126.991782,서울특별시,용산구,1
488,숙대입구역,서울특별시 용산구 한강대로 291,37.544118,126.97189099999999,서울특별시,용산구,1
489,용산아이파크몰,서울특별시 용산구 한강대로23길,37.5288539,126.96404469999992,서울특별시,용산구,1
490,동부이촌동,서울특별시 용산구 이촌로 198,37.52111,126.96905,서울특별시,용산구,1
491,상봉,"서울특별시 중랑구 상봉로 131 (상봉동, 상봉 듀오트리스",37.597842,127.092509,서울특별시,중랑구,1
492,중랑역,서울특별시 중랑구 망우로30길 3,37.5930326,127.07473579999998,서울특별시,중랑구,1
493,중랑구청,서울특별시 중랑구 신내로,37.60538908,127.09575579999999,서울특별시,중랑구,1
494,사가정역,서울특별시 중랑구 면목로,37.579594,127.087966,서울특별시,중랑구,1
495,상봉역,"서울특별시 중랑구 망우로 307, ,3,4번지",37.59689,127.08646999999999,서울특별시,중랑구,1
496,묵동이마트,"서울특별시 중랑구 동일로 932, 묵동이마트 B1층",37.613433,127.07748400000001,서울특별시,중랑구,1
497,일산애니골DT,경기도 고양시 일산동구 무궁화로 294,37.6748,126.793181,경기도,일산동구,1
498,동국대일산병원,경기도 고양시 일산동구 식사동 814 경기도 고양시 일산동구 동국로,37.676411,126.806405,경기도,일산동구,1
499,일산풍동DT,경기도 고양시 일산동구 백마로 475,37.662091,126.8009,경기도,일산동구,1
500,백석중앙로,경기도 고양시 일산동구 강송로 33,37.6411,126.79098700000002,경기도,일산동구,1
501,일산식사,경기도 고양시 일산동구 위시티2로11번길 31,37.6779381,126.812161,경기도,일산동구,1
502,풍산이마트,경기도 고양시 일산동구 무궁화로 237,37.673769,126.786883,경기도,일산동구,1
503,백석역DT,"경기도 고양시 일산동구 중앙로 1054, 1층",37.6439377,126.7873856,경기도,일산동구,1
504,백석,경기도 고양시 일산동구 중앙로 1059,37.643888000000004,126.786153,경기도,일산동구,1
505,라페스타광장,경기도 고양시 일산동구 중앙로1275번길 38-9,37.660109999999996,126.76991000000001,경기도,일산동구,1
506,일산백마,경기도 고양시 일산동구 일산로 237,37.657074200000004,126.7880695,경기도,일산동구,1
507,웨스턴돔B,경기도 고양시 일산동구 정발산로 24,37.654744,126.77261900000008,경기도,일산동구,1
508,마두역,경기도 고양시 일산동구 중앙로 1191,37.652965,126.77676799999999,경기도,일산동구,1
509,일산동구청,경기도 고양시 일산동구 정발산로 이스턴시티 38번지,37.656696000000004,126.77311999999999,경기도,일산동구,1
510,과천DT,경기도 과천시 중앙로 277,37.439309,126.99377,경기도,과천시,1
511,과천이마트,경기도 과천시 별양상가3로 11 이마트,37.42629945,126.99185200000001,경기도,과천시,1
512,과천,"경기도 과천시 중앙로 129, 고려빌딩 1층",37.428183000000004,126.991074,경기도,과천시,1
513,광명하안대로,경기도 광명시 범안로 1036,37.46168370000001,126.8783697,경기도,광명시,1
514,광명역,"경기도 광명시 양지로 16 (일직동,",37.416562,126.88083,경기도,광명시,1
515,광명소하DT,경기도 광명시 오리로 361,37.435072,126.879143,경기도,광명시,1
516,광명소하,경기도 광명시 금하로 464,37.44866,126.883959,경기도,광명시,1
517,광명사거리역,경기도 광명시 광명로 907,37.479895,126.854325,경기도,광명시,1
518,철산로데오,경기도 광명시 디지털로 17 (철산1동),37.473966299999994,126.86935070000004,경기도,광명시,1
519,광명하안,경기도 광명시 범안로 1060,37.462604999999996,126.880577,경기도,광명시,1
520,광명철산,경기도 광명시 오리로 865,37.475412,126.86586899999999,경기도,광명시,1
521,경기광주신현DT,경기도 광주시 오포읍 태재로 37,37.36005,127.153125,경기도,광주시,1
522,경기광주,경기도 광주시 광주대로 35,37.4097851,127.26021279999996,경기도,광주시,1
523,구리갈매역,경기 구리시 경춘북로252 A101,37.633967,127.115944,경기도,구리시,1
524,구리인창,"경기도 구리시 건원대로 67, 1층",37.60688,127.13896000000001,경기도,구리시,1
525,구리돌다리,"경기도 구리시 검배로 5, 우진빌딩",37.600584999999995,127.141922,경기도,구리시,1
526,산본사거리,경기도 군포시 고산로701,37.372658,126.93573500000001,경기도,군포시,1
527,산본,"경기도 군포시 산본로343번길 9, 성진빌딩 1층",37.36061352,126.9317436,경기도,군포시,1
528,산본역,"경기도 군포시 번영로 497, 금화프라자 1층",37.358087,126.931956,경기도,군포시,1
529,산본동,"경기도 군포시 산본로 398, 태주빌딩",37.365491,126.929426,경기도,군포시,1
530,남양주연평DT,경기 남양주시 진접읍 해밀예당1로27,37.711316700000005,127.18532009999998,경기도,남양주시,1
531,남양주진접DT,경기도 남양주시 진접읍 금강로 1477,37.723076,127.190357,경기도,남양주시,1
532,리버사이드팔당DTR,경기도 남양주시 와부읍 경강로 772,37.567114000000004,127.228362,경기도,남양주시,1
533,별내불암로,경기도 남양주시 별내5로5번길 15,37.650317,127.11236399999999,경기도,남양주시,1
534,평내DT,경기도 남양주시 경춘로,37.6477605,127.23469380000006,경기도,남양주시,1
535,별내,경기도 남양주시 별내중앙로 64,37.6479682,127.1233987,경기도,남양주시,1
536,평내호평역,"경기도 남양주시 늘을1로16번길 25, 성보빌딩",37.6540359,127.24287989999992,경기도,남양주시,1
537,역곡역DT,경기도 부천시 소사구 경인로,37.4835239,126.8093104,경기도,소사구,1
538,중동이마트,경기도 부천시 원미구 석천로 188,37.504022,126.763939,경기도,원미구,1
539,현대중동,"경기도 부천시 원미구 길주로 180, 현대백화점부천중동점 중동점 지하1층",37.50428252,126.7621682,경기도,원미구,1
540,부천플레이도시,경기도 부천시 원미구 조마루로 2,37.49991091,126.7449246,경기도,원미구,1
541,송내역,"경기도 부천시 원미구 부일로 204, 루치올라빌딩",37.488389,126.752604,경기도,원미구,1
542,부천,"경기도 부천시 원미구 부천로 7, 1,2층",37.485054,126.782117,경기도,원미구,1
543,부천상동,경기도 부천시 원미구 상동로 87,37.5051779,126.75242359999993,경기도,원미구,1
544,판교알파돔타워,경기도 성남시 분당구 판교역로 152,37.3941783,127.11064479999999,경기도,분당구,1
545,판교아비뉴프랑R,"경기도 성남시 분당구 동판교로177번길 25 (삼평동, 판교 호반 써밋",37.397965,127.11316200000002,경기도,분당구,1
546,야탑터미널,경기도 성남시 분당구 성남대로925번길 16,37.413494,127.128425,경기도,분당구,1
547,분당이매,경기도 성남시 분당구 이매로 15,37.39504,127.12236299999999,경기도,분당구,1
548,분당율동공원,경기도 성남시 분당구 새마을로175번길 4,37.38385,127.14996299999999,경기도,분당구,1
549,정자동,경기도 성남시 분당구 정자로 82,37.36329,127.114074,경기도,분당구,1
550,판교알파돔시티,경기도 성남시 분당구 대왕판교로606번길 10 (백현동,37.394263,127.109227,경기도,분당구,1
551,서판교,경기도 성남시 분당구 운중로 132,37.391294,127.077656,경기도,분당구,1
552,판교브릿지타워,경기도 성남시 분당구 판교로 227번길 6,37.402888700000005,127.0992969,경기도,분당구,1
553,판교봇들마을,경기도 성남시 분당구 판교로 372,37.4037039,127.115673,경기도,분당구,1
554,판교역로,경기도 성남시 분당구 판교역로 192번길 14,37.39731,127.111294,경기도,분당구,1
555,서현,경기도 성남시 분당구 황새울로360번길 19 (서현동),37.385855,127.125922,경기도,분당구,1
556,판교역,"경기도 성남시 분당구 대왕판교로606번길 58, 판교푸르지오월드마크 1층",37.395911,127.11323300000001,경기도,분당구,1
557,미금역사거리,경기도 성남시 분당구 성남대로 151,37.349605,127.108302,경기도,분당구,1
558,수내로,경기도 성남시 분당구 수내로46번길 12 (수내동),37.380601,127.116578,경기도,분당구,1
559,정자역,경기도 성남시 분당구 성남대로343번길 12-2,37.36682377,127.1067347,경기도,분당구,1
560,분당구청,경기도 성남시 분당구 분당로 43,37.38405,127.12025700000001,경기도,분당구,1
561,뉴코아야탑,"경기도 성남시 분당구 야탑로81번길 11, 뉴코아 야탑점 아울렛 1층",37.41041291,127.1273,경기도,분당구,1
562,미금역,경기도 성남시 분당구 돌마로 43 (금곡동),37.350318,127.106655,경기도,분당구,1
563,수내,"경기도 성남시 분당구 황새울로 234, 분당트라팰리스",37.37948523,127.114173,경기도,분당구,1
564,정자상떼뷰,"경기도 성남시 분당구 정자일로213번길 18, 201동 101호(정자동,",37.37050479999999,127.10557389999997,경기도,분당구,1
565,서현미래에셋,"경기도 성남시 분당구 황새울로359번길 11, 미래에셋빌딩 1층",37.38800701,127.12325120000001,경기도,분당구,1
566,야탑글라스,경기도 성남시 분당구 성남대로916번길 11,37.410845,127.129806,경기도,분당구,1
567,정자,"경기도 성남시 분당구 정자일로 166, SPG센터",37.365045,127.10611899999999,경기도,분당구,1
568,분당서울대병원4,"경기도 성남시 분당구 구미로173번길 82, 분당서울대학교병원 신관 4층",37.351934,127.12331200000001,경기도,분당구,1
569,분당서울대병원1,"경기도 성남시 분당구 구미로173번길 82, 분당서울대학교병원 신관 1층",37.350403299999996,127.12446169999998,경기도,분당구,1
570,서현N타운,경기도 성남시 분당구 황새울로335번길 5,37.386053000000004,127.12171399999998,경기도,분당구,1
571,서현역,"경기도 성남시 분당구 서현로210번길 20, 1층",37.385921,127.124098,경기도,분당구,1
572,오리역,"경기도 성남시 분당구 성남대로 32, 1층",37.338617,127.109225,경기도,분당구,1
573,분당정자,"경기도 성남시 분당구 성남대로 393, 두산위브파빌리온 1층",37.371675,127.10721399999998,경기도,분당구,1
574,수내역,"경기도 성남시 분당구 백현로101번길 30, 1-2층",37.37782763,127.11388590000001,경기도,분당구,1
575,정자아데나,경기도 성남시 분당구 성남대로 275,37.3608179,127.10758269999997,경기도,분당구,1
576,분당이마트,경기도 성남시 분당구 불정로 134,37.35885,127.119777,경기도,분당구,1
577,판교H스퀘어,"경기도 성남시 분당구 판교역로 231, 에이치스퀘어",37.401375,127.108678,경기도,분당구,1
578,오리역삼거리,경기도 성남시 분당구 성남대로 45,37.340016,127.108332,경기도,분당구,1
579,판교HIPEX,"경기도 성남시 분당구 판교역로 230, 판교 삼환 HIPEX",37.400420000000004,127.11057199999999,경기도,분당구,1
580,남한산성입구역,경기도 성남시 중원구 산성대로426번길 2,37.4497584,127.1591956,경기도,중원구,1
581,단대오거리역,경기도 성남시 중원구 산성대로 340-1,37.4433283,127.15457659999993,경기도,중원구,1
582,수원호매실,"경기도 수원시 권선구 서수원로577번길 305 (금곡동,",37.274375,126.94126299999999,경기도,권선구,1
583,수원권선DT,경기도 수원시 권선구 매송고색로 543,37.246345,126.964025,경기도,권선구,1
584,수원권선,경기도 수원시 권선구 동수원로177번길 40,37.246668,127.03095800000001,경기도,권선구,1
585,수원이마트,경기도 수원시 권선구 경수대로 270,37.249907,127.02151699999999,경기도,권선구,1
586,수원시청,경기도 수원시 권선구 효원로 274,37.261414,127.03122900000001,경기도,권선구,1
587,북수원IC DT,경기도 수원시 장안구 경수대로 1038,37.307776000000004,126.99833000000001,경기도,장안구,1
588,수원천천,경기도 수원시 장안구 덕영대로535번길 46,37.297286,126.982671,경기도,장안구,1
589,수원성균관대,"경기도 수원시 장안구 서부로 2131, 1층 4,5,6호 2층1,2호",37.298935,126.971577,경기도,장안구,1
590,수원KBS DT,경기도 수원시 팔달구 권광로 265,37.271122,127.03521299999998,경기도,팔달구,1
591,수원인계DT,경기도 수원시 팔달구 인계로94번길 3,37.267938,127.027948,경기도,팔달구,1
592,수원이비스,경기도 수원시 팔달구 권광로 132,37.2592235,127.0313138,경기도,팔달구,1
593,수원매산,경기도 수원시 팔달구 매산로 11,37.26748423,127.0028636,경기도,팔달구,1
594,동수원DT,경기도 수원시 팔달구 중부대로 161 (우만동),37.2781099,127.03394960000004,경기도,팔달구,1
595,수원인계,경기도 수원시 팔달구 권광로 199,37.265499,127.032902,경기도,팔달구,1
596,아주대,경기도 수원시 팔달구 월드컵로 205,37.279696,127.04333999999999,경기도,팔달구,1
597,배곧신도시,"경기도 시흥시 서울대학로278번길 43-13 (정왕동) 106호, 107호,",37.369549,126.730301,경기도,시흥시,1
598,시흥대야,경기도 시흥시 비둘기공원로 10,37.443912,126.790755,경기도,시흥시,1
599,시흥P.아울렛 3F,경기도 시흥시 서해안로 699,37.379754,126.736396,경기도,시흥시,1
600,시흥P.아울렛 1F,경기도 시흥시 서해안로 699,37.379754,126.736396,경기도,시흥시,1
601,시화로데오,경기도 시흥시 중심상가2길 20-5,37.344718,126.737045,경기도,시흥시,1
602,안산고잔센트럴타워,경기도 안산시 단원구 고잔로 72,37.318914,126.83424099999999,경기도,단원구,1
603,안산상공회의소,경기도 안산시 단원구 적금로 120,37.318868,126.826297,경기도,단원구,1
604,고잔이마트,경기도 안산시 단원구 원포공원1로 46 (초지동),37.303177000000005,126.81284199999999,경기도,단원구,1
605,안산문화광장,"경기도 안산시 단원구 광덕대로 154, ,771-4 로데오타운1층",37.310297999999996,126.83051699999999,경기도,단원구,1
606,안산중앙,"경기도 안산시 단원구 고잔로 102, 스타타워 1층",37.318899,126.83746399999998,경기도,단원구,1
607,안산중앙역,경기도 안산시 단원구 중앙대로 907,37.31723608,126.83746940000002,경기도,단원구,1
608,안산트레이더스,경기도 안산시 단원구 중앙대로 397,37.331038,126.78483700000001,경기도,단원구,1
609,안성석정DT,경기도 안성시 중앙로 308,37.010521999999995,127.262009,경기도,안성시,1
610,안성중앙로,"경기도 안성시 중앙로 395, 1층 1~2층",37.007599,127.270743,경기도,안성시,1
611,안양운동장사거리DT,경기도 안양시 동안구 관악대로 234,37.401109999999996,126.94920800000001,경기도,동안구,1
612,범계역,경기도 안양시 동안구 시민대로 180,37.389849,126.949818,경기도,동안구,1
613,안양호계DT,경기도 안양시 동안구 엘에스로 23-8,37.366561,126.956011,경기도,동안구,1
614,평촌호계,경기도 안양시 동안구 평촌대로 123,37.383006,126.959848,경기도,동안구,1
615,평촌로데오,경기도 안양시 동안구 관평로 182,37.3929425,126.9607148,경기도,동안구,1
616,평촌역사거리,경기도 안양시 동안구 시민대로 311 금강스마트 빌딩,37.395786,126.9645,경기도,동안구,1
617,안양비산DT,경기도 안양시 동안구 경수대로 821,37.3925328,126.94286899999999,경기도,동안구,1
618,평촌아크로,"경기도 안양시 동안구 시민대로 230, 평촌아크로타워상가동 2층 8호",37.39227643,126.95652290000001,경기도,동안구,1
619,범계로데오,경기도 안양시 동안구 평촌대로 223,37.391494,126.955122,경기도,동안구,1
620,인덕원역,"경기도 안양시 동안구 흥안대로 519, 아이퍼스트타워 1~2층",37.400269,126.97614499999999,경기도,동안구,1
621,안양역,경기도 안양시 만안구 장내로 149번길,37.4002845,126.92216770000003,경기도,만안구,1
622,안양석수DT,경기도 안양시 만안구 경수대로 1397,37.4312614,126.9033382,경기도,만안구,1
623,안양일번가,경기도 안양시 만안구 안양로292번길 36,37.39919046,126.92368559999998,경기도,만안구,1
624,양주옥정타운,경기도 양주시 회천남로 76,37.81858,127.094293,경기도,양주시,1
625,양주덕정역DT,경기도 양주시 독바위로 35,37.838256200000004,127.062968,경기도,양주시,1
626,양주광사DT,경기도 양주시 부흥로 1872,37.790532,127.07242099999999,경기도,양주시,1
627,양주고읍,경기도 양주시 고읍남로 20,37.794628,127.079196,경기도,양주시,1
628,오산갈곶DT,"경기도 오산시 경기대로 50, B동",37.129351,127.071583,경기도,오산시,1
629,오산IC DT,경기도 오산시 원동로,37.1426829,127.0766272,경기도,오산시,1
630,오산시청,경기도 오산시 운천로,37.14862479999999,127.0741288,경기도,오산시,1
631,용인상하DT,경기도 용인시 기흥구 중부대로 769-6,37.259778000000004,127.142453,경기도,기흥구,1
632,기흥역AK R,"경기도 용인시 기흥구 기흥역로 63 (구갈동, 기흥역",37.2746544,127.1165616,경기도,기흥구,1
633,용인보라DT,경기도 용인시 기흥구 용구대로 1877,37.255575,127.104577,경기도,기흥구,1
634,용인동백DT,경기도 용인시 기흥구 어정로 102,37.274595,127.141221,경기도,기흥구,1
635,용인마북DT,경기도 용인시 기흥구 용구대로,37.294732399999994,127.11029259999998,경기도,기흥구,1
636,용인기흥구청,경기도 용인시 기흥구 구갈로 71-18,37.281689,127.110142,경기도,기흥구,1
637,수원IC DT,경기도 용인시 기흥구 중부대로,37.267257,127.074502,경기도,기흥구,1
638,용인보정,"경기도 용인시 기흥구 죽전로 20, 죽전누리에뜰상가",37.320017,127.11084,경기도,기흥구,1
639,구성트레이더스,경기도 용인시 기흥구 용구대로 2457,37.305434000000005,127.10546799999999,경기도,기흥구,1
640,강남대,"경기도 용인시 기흥구 강남로 3, 강남&플러스",37.27105,127.12613400000001,경기도,기흥구,1
641,용인에버랜드R,경기도 용인시 처인구 포곡읍 에버랜드로 199,37.29378,127.20464299999999,경기도,처인구,1
642,용인시청DT,경기도 용인시 처인구 중부대로,37.24029,127.17093500000001,경기도,처인구,1
643,용인처인구청,경기도 용인시 처인구 금령로 60,37.234764,127.202928,경기도,처인구,1
644,의왕포일,경기도 의왕시 안양판교로 89,37.396242,126.983977,경기도,의왕시,1
645,의정부예술의전당DT,경기도 의정부시 경의로 31,37.73307,127.038904,경기도,의정부시,1
646,의정부신곡DT,경기 의정부시 금신로 63,37.726309,127.06483500000002,경기도,의정부시,1
647,의정부용현DT,경기도 의정부시 시민로 468,37.730562799999994,127.0843037,경기도,의정부시,1
648,의정부공원,경기도 의정부시 평화로 540,37.740103000000005,127.047531,경기도,의정부시,1
649,의정부민락,경기도 의정부시 천보로 68,37.745353,127.093792,경기도,의정부시,1
650,의정부회룡역DT,경기도 의정부시 평화로 341,37.722373,127.047477,경기도,의정부시,1
651,의정부녹양DT,경기도 의정부시 비우로 119,37.758477,127.04028899999999,경기도,의정부시,1
652,의정부금오,"경기도 의정부시 청사로48번길 7, 대송프라자",37.753183,127.070333,경기도,의정부시,1
653,신세계의정부2F,"경기도 의정부시 평화로 525, 신세계백화점 2층",37.737860999999995,127.046054,경기도,의정부시,1
654,신세계의정부6F,"경기도 의정부시 평화로 525, 신세계백화점 6층",37.737860999999995,127.046054,경기도,의정부시,1
655,이천증포DT,경기도 이천시 이섭대천로 1445,37.29660399999999,127.45729200000004,경기도,이천시,1
656,이천사음DT,경기도 이천시 경충대로 3045,37.299106,127.40784099999999,경기도,이천시,1
657,이천하이닉스,"경기도 이천시 부발읍 경충대로 2100, 외",37.25251,127.48993300000001,경기도,이천시,1
658,마장휴게소,경기도 이천시 중부대로 중부고속도로,37.263504,127.407795,경기도,이천시,1
659,이천터미널,경기도 이천시 중리천로 84,37.278191,127.44632299999999,경기도,이천시,1
660,포천DT,경기도 포천시 호국로 925,37.848396,127.161705,경기도,포천시,1
661,포천송우,"경기도 포천시 소흘읍 솔모루로 55,",37.82728839999999,127.14473079999992,경기도,포천시,1
662,하남미사DT,경기도 하남시 미사강변남로 35,37.559858,127.18572900000001,경기도,하남시,1
663,스타필드위례1FR,경기도 하남시 학암동 90-33,37.482908,127.14456200000001,경기도,하남시,1
664,미사역효성,경기도 하남시 아리수로 570,37.567452,127.19073,경기도,하남시,1
665,하남미사,경기도 하남시 미사강변북로30번길 130,37.569587,127.183283,경기도,하남시,1
666,스타필드하남1F(티바나),경기도 하남시 미사대로 750,37.5445,127.2237,경기도,하남시,1
667,신세계하남2F,경기도 하남시 미사대로 750,37.545734,127.22343899999998,경기도,하남시,1
668,스타필드하남2FR,경기도 하남시 미사대로 750,37.5453,127.2242,경기도,하남시,1
669,하남신장,경기도 하남시 신장로,37.538380700000005,127.2039864,경기도,하남시,1
670,하남시청,경기도 하남시 대청로 34,37.540532,127.216148,경기도,하남시,1
671,화성향남,경기도 화성시 향남읍 발안로 111,37.131572,126.922767,경기도,화성시,1
672,동탄카림R,"경기도 화성시 동탄대로시범길 134 (청계동, 시범 반도유보라",37.19972,127.1135,경기도,화성시,1
673,동탄능동DT,경기도 화성시 동탄지성로 201,37.211975,127.053618,경기도,화성시,1
674,동탄역,경기도 화성시 동탄대로 495,37.197988,127.098448,경기도,화성시,1
675,화성병점DT,경기도 화성시 효행로 1013,37.21261,127.03818700000001,경기도,화성시,1
676,동탄영천,경기도 화성시 동탄순환대로 692,37.20663,127.111333,경기도,화성시,1
677,신영통DT,경기도 화성시 영통로 43,37.234309100000004,127.06300199999998,경기도,화성시,1
678,동탄센트럴파크,경기도 화성시 동탄지성로 104,37.2082443,127.0638898,경기도,화성시,1
679,동탄,"경기도 화성시 메타폴리스로 54, 동탄파라곤2상가",37.201584000000004,127.07319299999999,경기도,화성시,1
680,동탄광장,"경기도 화성시 동탄지성로 17, 풍성 위버폴리스",37.204774,127.07188400000001,경기도,화성시,1
681,동탄이마트,"경기도 화성시 동탄중앙로 376, 동탄이마트 1층",37.214754,127.07988700000001,경기도,화성시,1
682,스타필드고양3F(티바나),경기도 고양시 덕양구 고양대로 1955,37.647216,126.895577,경기도,덕양구,1
683,스타필드고양1FR,경기도 고양시 덕양구 고양대로 1955,37.64697,126.895523,경기도,덕양구,1
684,스타필드고양1F고메스트리트,경기도 고양시 덕양구 고양대로 1955,37.646086,126.893098,경기도,덕양구,1
685,스타필드고양3F잇토피아,경기도 고양시 덕양구 고양대로 1955,37.647983,126.89648899999999,경기도,덕양구,1
686,고양삼송,경기도 고양시 덕양구 신원동,37.663813,126.89131699999999,경기도,덕양구,1
687,고양DT,경기도 고양시 덕양구 호국로 1775,37.7095394,126.9052947,경기도,덕양구,1
688,행신역,경기도 고양시 덕양구 충장로 14,37.613996,126.834455,경기도,덕양구,1
689,원당DT,경기도 고양시 덕양구 호국로 811,37.658155,126.837639,경기도,덕양구,1
690,화정,경기도 고양시 덕양구 화신로272번길 57,37.63353224,126.83145379999999,경기도,덕양구,1
691,화정역,경기도 고양시 덕양구 화신로260번길 57,37.6335731,126.83273269999997,경기도,덕양구,1
692,성남위례,경기도 성남시 수정구 위례광장로 104,37.473131,127.14106699999999,경기도,수정구,1
693,성남이마트,경기도 성남시 수정구 수정로 201 (태평1동),37.444247100000005,127.14145710000003,경기도,수정구,1
694,여주DT,경기도 여주시 세종로 358,37.265915,127.638676,경기도,여주시,1
695,여주P.아울렛입구,경기도 여주시 명품로 360 2004호,37.2413127,127.61255559999996,경기도,여주시,1
696,여주P.아울렛,경기도 여주시 명품로 360 2400호,37.24272107,127.6126336,경기도,여주시,1
697,평택비전,경기도 평택시 비전5로 20-24,36.998684000000004,127.114062,경기도,평택시,1
698,평택서정DT,경기도 평택시 경기대로 1353,37.066066,127.063519,경기도,평택시,1
699,평택로데오,경기도 평택시 중앙2로 13,36.991847799999995,127.08850410000002,경기도,평택시,1
700,평택AK플라자,경기도 평택시 평택로 51 (평택동),36.99159,127.08523999999998,경기도,평택시,1
701,평택송탄,경기도 평택시 관광특구로 38,37.066396999999995,127.06293899999999,경기도,평택시,1
702,일산가로수길R,경기도 고양시 일산서구 대화동,37.665402,126.75726999999999,경기도,일산서구,1
703,일산가구단지,경기도 고양시 일산서구 하이파크2로 67,37.699706,126.75708999999999,경기도,일산서구,1
704,일산덕이DT,경기도 고양시 일산서구 탄중로 106,37.69192,126.75699099999999,경기도,일산서구,1
705,일산후곡,경기도 고양시 일산서구 일산로 541,37.6773867,126.7675699,경기도,일산서구,1
706,킨텍스이마트,경기도 고양시 일산서구 대화동 킨텍스로,37.662238,126.743981,경기도,일산서구,1
707,일산탄현,경기도 고양시 일산서구 일현로 97-11,37.695265,126.76213500000001,경기도,일산서구,1
708,대화역,"경기도 고양시 일산서구 중앙로 1559, 시티타워 1~2층",37.6753761,126.74818940000002,경기도,일산서구,1
709,일산주엽,"경기도 고양시 일산서구 중앙로 1420, 1층",37.669903000000005,126.762657,경기도,일산서구,1
710,주엽사거리,"경기도 고양시 일산서구 중앙로 1456, 서현프라자 112호 ,113호,114호",37.671554,126.75899199999999,경기도,일산서구,1
711,김포구래,"경기도 김포시 김포한강4로 487 (구래동, 한강신도시 반도유보라",37.645803,126.62907299999999,경기도,김포시,1
712,김포장기커낼,"경기도 김포시 김포한강2로 41 (장기동, E편한세상",37.640452,126.677493,경기도,김포시,1
713,김포감정DT,경기도 김포시 중봉로 27,37.624786,126.69642900000001,경기도,김포시,1
714,김포운양,경기도 김포시 김포한강11로,37.6543091,126.68417269999999,경기도,김포시,1
715,김포이마트,경기도 김포시 김포한강7로,37.644343799999994,126.628299,경기도,김포시,1
716,김포풍무DT,경기도 김포시 풍무로 45,37.600112,126.720441,경기도,김포시,1
717,김포시청,경기도 김포시 사우중로 35,37.618396000000004,126.71791200000001,경기도,김포시,1
718,김포장기,"경기도 김포시 김포한강4로 117, 홍우프라자 102~105호",37.644239,126.66790800000001,경기도,김포시,1
719,부천심곡DT,경기도 부천시 부천로 97,37.492932,126.78441000000001,경기도,원미구,1
720,뉴코아부천4층,경기도 부천시 송내대로 239,37.504279,126.756992,경기도,원미구,1
721,부천중동DT,경기도 부천시 부흥로 193,37.4963743,126.76420000000007,경기도,원미구,1
722,부천신중동역,경기도 부천시 길주로 281 (중동),37.503764600000004,126.7741439,경기도,원미구,1
723,부천중동,경기도 부천시 신흥로 161,37.497976,126.77702,경기도,원미구,1
724,부천시청역,"경기도 부천시 길주로 181, 102,103,104,110,111,112호",37.505534000000004,126.76244799999999,경기도,원미구,1
725,수원법조타운,경기도 수원시 영통구 광교중앙로248번길 7-2,37.29184,127.06716399999999,경기도,영통구,1
726,광교역,경기도 수원시 영통구 대학로 47,37.300082,127.04361999999999,경기도,영통구,1
727,광교엘포트R,경기도 수원시 영통구 광교중앙로 145,37.286995399999995,127.05778150000003,경기도,영통구,1
728,영통R,경기도 수원시 영통구 덕영대로 1566,37.2453658,127.06181470000001,경기도,영통구,1
729,수원망포DT,경기도 수원시 영통구 덕영대로,37.24582770000001,127.05133999999998,경기도,영통구,1
730,수원광교,경기도 수원시 영통구 센트럴타운로 85 (이의동),37.290374,127.049582,경기도,영통구,1
731,수원트레이더스,경기도 수원시 영통구 삼성로 2 트레이더스수원점,37.24626,127.04786399999999,경기도,영통구,1
732,경희대국제캠퍼스,경기도 수원시 영통구 덕영대로 1695,37.247951,127.07674899999999,경기도,영통구,1
733,수원망포역,경기도 수원시 영통구 영통로 195,37.245241,127.055904,경기도,영통구,1
734,광교이마트,경기도 수원시 영통구 광교로,37.2962004,127.04656429999999,경기도,영통구,1
735,수원영통,"경기도 수원시 영통구 봉영로 1617, 훼미리타워 1층",37.255675,127.074321,경기도,영통구,1
736,안산한양대,"경기도 안산시 상록구 성안길 82-3, B동 1층",37.300847,126.83821200000001,경기도,상록구,1
737,안산한대앞역,"경기도 안산시 상록구 광덕1로 379, 한남빌딩 1~2층",37.308754,126.851175,경기도,상록구,1
738,경기양평,경기도 양평군 양평읍 시민로 75,37.49134,127.499932,경기도,양평군,1
739,용인죽전역R,"경기도 용인시 수지구 용구대로 2750 (죽전동, 죽전 효성해링턴",37.331352100000004,127.1091828,경기도,수지구,1
740,죽전단국대,경기도 용인시 수지구 죽전로168번길 18,37.3244016,127.1249428,경기도,수지구,1
741,수지동천,경기도 용인시 수지구 손곡로,37.335988,127.09101000000001,경기도,수지구,1
742,죽전,경기도 용인시 수지구 현암로 140,37.331506,127.12478999999999,경기도,수지구,1
743,수지성복DT,경기도 용인시 수지구 성복2로 55,37.314048,127.07916200000001,경기도,수지구,1
744,광교중앙로,경기도 용인시 수지구 광교마을로 41,37.29882,127.06947,경기도,수지구,1
745,죽전CGV,"경기도 용인시 수지구 포은대로 536, (주)신세계백화점경기점 8층",37.32500393,127.1081332,경기도,수지구,1
746,죽전이마트,"경기도 용인시 수지구 포은대로 552, 이마트 죽전점 1층",37.3253735,127.10992549999999,경기도,수지구,1
747,신세계경기,"경기도 용인시 수지구 포은대로 536, (주)신세계백화점경기점 4층",37.32500393,127.1081332,경기도,수지구,1
748,수지이마트,경기도 용인시 수지구 수지로 203,37.31965,127.08367700000001,경기도,수지구,1
749,수지풍덕천,"경기도 용인시 수지구 수지로296번길 51-11, 비즈마루빌딩 1층 101호",37.322526,127.095525,경기도,수지구,1
750,파주야당역,경기도 파주시 야당동,37.712142,126.759475,경기도,파주시,1
751,파주금촌역,경기도 파주시 문화로 109,37.764081,126.77420500000001,경기도,파주시,1
752,파주금릉역,"경기도 파주시 금릉역로 84, 청원센트럴타워 1층",37.752207,126.76561299999999,경기도,파주시,1
753,파주운정,경기도 파주시 와석순환로,37.71203,126.744499,경기도,파주시,1
754,파주P.아울렛,경기도 파주시 탄현면 필승로,37.769578,126.696417,경기도,파주시,1
755,지행역,경기도 동두천시 지행로 55,37.892653,127.053463,경기도,동두천시,1
756,동두천DT,경기도 동두천시 평화로 2254,37.888925,127.05706599999999,경기도,동두천시,1
757,광주운남DT,광주광역시 광산구 임방울대로 156,35.175136,126.81806200000001,광주광역시,광산구,1
758,광주산정DT,광주광역시 광산구 용아로 342,35.173524,126.80419099999999,광주광역시,광산구,1
759,광주흑석DT,광주광역시 광산구 사암로 367,35.176936,126.80788700000001,광주광역시,광산구,1
760,광주송정역,광주광역시 광산구 상무대로205번길 6,35.138026,126.791444,광주광역시,광산구,1
761,광주수완DT,광주광역시 광산구 임방울대로 487,35.203175,126.819065,광주광역시,광산구,1
762,광주신가DT,광주광역시 광산구 목련로 335,35.1790467,126.83012590000001,광주광역시,광산구,1
763,광주쌍암,광주광역시 광산구 첨단중앙로 158,35.2192427,126.84242110000002,광주광역시,광산구,1
764,광주장덕,광주광역시 광산구 장신로 85,35.191469,126.819259,광주광역시,광산구,1
765,광주하남,"광주광역시 광산구 사암로216번길 38-16, 1~2층",35.162721999999995,126.81021799999999,광주광역시,광산구,1
766,광주첨단,광주광역시 광산구 첨단중앙로 104,35.214806,126.843227,광주광역시,광산구,1
767,광산수완,"광주광역시 광산구 장신로 134, 1~2층",35.190397,126.824804,광주광역시,광산구,1
768,광주주월DT,광주광역시 남구 회재로 1256,35.1341387,126.8981372,광주광역시,남구,1
769,광주봉선로,광주광역시 남구 제석로 104,35.124262,126.907898,광주광역시,남구,1
770,광주서문대로,광주광역시 남구 서문대로 665,35.119448,126.898595,광주광역시,남구,1
771,광주방림DT,광주광역시 남구 대남대로 67,35.13498,126.917698,광주광역시,남구,1
772,광주봉선중앙,광주광역시 남구 봉선중앙로 51,35.1254197,126.9112507,광주광역시,남구,1
773,광주진월,광주광역시 남구 서문대로 745,35.125780999999996,126.897221,광주광역시,남구,1
774,광주봉선,"광주광역시 남구 봉선로 176, 1층 101,111호",35.122921000000005,126.914111,광주광역시,남구,1
775,광주지산유원지입구,광주광역시 동구 무등로 592,35.154459,126.94091200000001,광주광역시,동구,1
776,광주황금,광주광역시 동구 중앙로160번길 14,35.1473572,126.9145683,광주광역시,동구,1
777,광주무등산,광주광역시 동구 증심사길 16,35.133909,126.954311,광주광역시,동구,1
778,충장서림,광주광역시 동구 충장로 93-5,35.14808817,126.91730770000001,광주광역시,동구,1
779,광주충장로,광주광역시 동구 충장로 65,35.149485999999996,126.91479199999999,광주광역시,동구,1
780,충장일가,광주광역시 동구 서석로 43,35.146797,126.918252,광주광역시,동구,1
781,조선대,광주광역시 동구 지산로 3,35.144608000000005,126.93018300000001,광주광역시,동구,1
782,광주신안DT,광주광역시 북구 서암대로 93,35.171678,126.894998,광주광역시,북구,1
783,광주매곡DT,광주광역시 북구 설죽로 339,35.189836,126.898698,광주광역시,북구,1
784,광주두암타운,광주광역시 북구 삼정로 4,35.162112,126.93738799999998,광주광역시,북구,1
785,광주일곡,광주광역시 북구 설죽로 518,35.205463,126.89811399999999,광주광역시,북구,1
786,광주북구청,광주광역시 북구 서방로9번길 30,35.17483,126.914469,광주광역시,북구,1
787,광주운암DT,광주광역시 북구 북문대로 78,35.1776306,126.87841320000008,광주광역시,북구,1
788,광주첨단신용,광주광역시 북구 첨단연신로 101,35.20701,126.86411499999998,광주광역시,북구,1
789,광주용두DT,광주광역시 북구 임방울대로 1016,35.212837,126.868485,광주광역시,북구,1
790,전남대,"광주광역시 북구 우치로 110, 1,2,3층",35.17719867,126.9124787,광주광역시,북구,1
791,광주용봉,광주광역시 북구 저불로 45,35.178664000000005,126.895196,광주광역시,북구,1
792,광주신세계DT,광주광역시 서구 죽봉대로 33,35.1563,126.8831,광주광역시,서구,1
793,광주상무DT,광주광역시 서구 상무대로 847,35.1502,126.855,광주광역시,서구,1
794,광주화정DT,광주광역시 서구 상무대로,35.152205,126.879997,광주광역시,서구,1
795,광주상무중앙로,광주광역시 서구 상무중앙로 46 (치평동),35.151021,126.84881499999999,광주광역시,서구,1
796,광주상무시민로,광주광역시 서구 운천로 253 (치평동),35.154963,126.854437,광주광역시,서구,1
797,광주풍암,광주광역시 서구 풍암2로 8 (풍암동),35.12684470000001,126.87964860000001,광주광역시,서구,1
798,광주금호DT,광주광역시 서구 운천로 107,35.1421126,126.85766460000002,광주광역시,서구,1
799,광주상무대교,"광주광역시 서구 상무중앙로 90, 눈높이상무센터 1층",35.1551,126.84878799999998,광주광역시,서구,1
800,광주동림,"광주광역시 서구 하남대로 672-1, 1층",35.171734,126.86618,광주광역시,서구,1
801,신세계광주,광주광역시 서구 무진대로 932 번지 신세계 백화점,35.160794,126.88254199999999,광주광역시,서구,1
802,광주상무,광주광역시 서구 상무중앙로 75,35.1536205,126.84795429999996,광주광역시,서구,1
803,상무치평,"광주광역시 서구 상무자유로 173, 1층",35.151968,126.85342299999999,광주광역시,서구,1
804,상무역,"광주광역시 서구 상무중앙로 7, 1층",35.147467999999996,126.84798899999998,광주광역시,서구,1
805,신세계광주신관B1,"광주광역시 서구 죽봉대로 61, 패션스트리트 B01호",35.158806,126.882069,광주광역시,서구,1
806,계명대동산병원,대구광역시 달서구 달구벌대로 1035,35.853811,128.480276,대구광역시,달서구,1
807,대구죽전역,대구광역시 달서구 와룡로 169,35.848437,128.536007,대구광역시,달서구,1
808,대구월곡DT,대구광역시 달서구 월곡로 225,35.814865999999995,128.541057,대구광역시,달서구,1
809,대구광장,대구광역시 달서구 달구벌대로 1710,35.85577,128.55281100000002,대구광역시,달서구,1
810,대구월촌역,대구광역시 달서구 월배로 315,35.824025,128.545226,대구광역시,달서구,1
811,대구진천역,대구광역시 달서구 월배로 91,35.814395000000005,128.52437700000002,대구광역시,달서구,1
812,대구도원DT,대구광역시 달서구 상화로 314,35.807727,128.548117,대구광역시,달서구,1
813,대구월성,대구광역시 달서구 조암로 41,35.824362,128.525418,대구광역시,달서구,1
814,대구이곡,대구광역시 달서구 계대동문로,35.8551616,128.50411009999993,대구광역시,달서구,1
815,대구수목원,대구광역시 달서구 화암로,35.807237,128.520278,대구광역시,달서구,1
816,대구성서IC DT,대구광역시 달서구 달구벌대로,35.8507998,128.52026039999998,대구광역시,달서구,1
817,대구감삼DT,대구광역시 달서구 와룡로 131,35.8443842,128.5366553,대구광역시,달서구,1
818,대구상인역,대구광역시 달서구 월배로 210,35.8182768,128.53656920000003,대구광역시,달서구,1
819,대구두류DT,대구광역시 달서구 달구벌대로 1798,35.858804,128.561685,대구광역시,달서구,1
820,대구상인DT,대구광역시 달서구 월곡로 334,35.822408,128.533771,대구광역시,달서구,1
821,대구계명대,대구광역시 달서구 계대동문로 13,35.85567272,128.4937254,대구광역시,달서구,1
822,대구성서,"대구광역시 달서구 이곡공원로 26, 이곡메디컬빌딩",35.855292,128.510127,대구광역시,달서구,1
823,대구서부정류장역,대구광역시 달서구 구마로 265,35.837881,128.556926,대구광역시,달서구,1
824,신세계대구3F(티바나),대구광역시 동구 동부로 149 신세계백화점 대구점,35.877767,128.628498,대구광역시,동구,1
825,신세계대구8FR,대구광역시 동구 동부로 149 신세계백화점 대구점,35.877812,128.628453,대구광역시,동구,1
826,동대구로DT,대구광역시 동구 동대구로 422,35.86808679999999,128.62715890000004,대구광역시,동구,1
827,대구팔공산,대구광역시 동구 파계로,35.9878685,128.636347,대구광역시,동구,1
828,대구봉무,대구광역시 동구 팔공로51길 15-11,35.921942,128.639708,대구광역시,동구,1
829,동대구터미널,대구광역시 동구 동부로30길 12,35.876315000000005,128.62859,대구광역시,동구,1
830,대구동촌유원지,대구광역시 동구 효동로2길 45,35.880109999999995,128.65315900000002,대구광역시,동구,1
831,반야월이마트,"대구광역시 동구 안심로 389-2, 이마트 1층",35.870899,128.727397,대구광역시,동구,1
832,대구평리DT,대구광역시 서구 서대구로 89,35.866138,128.555343,대구광역시,서구,1
833,대구수성도서관DT,대구광역시 수성구 화랑로 112,35.873059000000005,128.63898500000002,대구광역시,수성구,1
834,대구범어네거리R,대구광역시 수성구 동대구로 305,35.857871,128.625094,대구광역시,수성구,1
835,대구수성호수R,대구광역시 수성구 용학로 56,35.826126,128.615912,대구광역시,수성구,1
836,대구수성동,대구광역시 수성구 명덕로 460,35.853776,128.620304,대구광역시,수성구,1
837,대구수성네거리DT,대구광역시 수성구 들안로 342,35.86058,128.617977,대구광역시,수성구,1
838,대구중동DT,대구광역시 수성구 수성로 243,35.847384000000005,128.612529,대구광역시,수성구,1
839,대구중동네거리DT,대구광역시 수성구 청수로 51,35.840917,128.61396299999998,대구광역시,수성구,1
840,대구상동DT,대구광역시 수성구 무학로,35.8296424,128.6116932,대구광역시,수성구,1
841,대구황금DT,대구광역시 수성구 청수로 164,35.839069,128.625797,대구광역시,수성구,1
842,대구삼성화재,대구광역시 수성구 동대구로 401 (범어동),35.8661924,128.62626260000002,대구광역시,수성구,1
843,대구시지,대구광역시 수성구 달구벌대로 3216,35.8394934,128.70804270000002,대구광역시,수성구,1
844,대구법원,대구광역시 수성구 동대구로 376,35.8641739,128.62738279999996,대구광역시,수성구,1
845,대구만촌DT,"대구광역시 수성구 달구벌대로 2636, , 853-25번지",35.856431,128.6502,대구광역시,수성구,1
846,대구수성하이츠,"대구광역시 수성구 수성로 393, 수성하이츠 1층",35.8609096,128.61352710000003,대구광역시,수성구,1
847,동아수성,"대구광역시 수성구 지범로 191, 동아백화점수성점 1,2 층",35.82124651,128.6406389,대구광역시,수성구,1
848,수성리더스,대구광역시 수성구 동대구로 95,35.83871,128.62304229999995,대구광역시,수성구,1
849,수성레이크,대구광역시 수성구 수성못길 4,35.825764,128.621814,대구광역시,수성구,1
850,대구범어제니스,"대구광역시 수성구 달구벌대로 2435, 두산위브더제니스아파트 상가 1층 110호",35.859274,128.62968700000002,대구광역시,수성구,1
851,대구시티센터,대구광역시 중구 국채보상로 611,35.870954,128.59809199999998,대구광역시,중구,1
852,대구계산,대구광역시 중구 달구벌대로415길 1,35.866429,128.589696,대구광역시,중구,1
853,대구중앙로역,대구광역시 중구 국채보상로 582,35.870674,128.594374,대구광역시,중구,1
854,대구공평DT,대구광역시 중구 국채보상로 642,35.869186600000006,128.6006466,대구광역시,중구,1
855,대구중앙로,대구광역시 중구 남성로 61,35.867317,128.593375,대구광역시,중구,1
856,반월당,대구광역시 중구 달구벌대로 2085 (덕산동),35.86616318,128.5918695,대구광역시,중구,1
857,동성로광장,대구광역시 중구 동성로 4,35.867319,128.594217,대구광역시,중구,1
858,동성로중앙,대구광역시 중구 동성로5길 38,35.867556,128.59666,대구광역시,중구,1
859,동성로로데오,대구광역시 중구 동성로5길 62,35.86723,128.59786200000002,대구광역시,중구,1
860,대구칠성DT,대구광역시 북구 중앙대로 524,35.879674,128.59639099999998,대구광역시,북구,1
861,대구유통단지,대구광역시 북구 유통단지로8길 78 106호,35.905623999999996,128.613347,대구광역시,북구,1
862,대구칠곡대로DT,대구광역시 북구 칠곡중앙대로 348,35.926583,128.54773600000001,대구광역시,북구,1
863,대구동천,대구광역시 북구 동천로,35.94253870000001,128.5604376,대구광역시,북구,1
864,대구침산DT,대구광역시 북구 침산로 126,35.8874784,128.59183759999996,대구광역시,북구,1
865,대구칠곡,대구광역시 북구 학정로 422 (구암동),35.9421792,128.5638788,대구광역시,북구,1
866,경북대,대구광역시 북구 대학로 75,35.89232,128.608586,대구광역시,북구,1
867,대구테크노폴리스,"대구광역시 달성군 유가면 테크노상업로 84 대경타워 105호, 106호,",35.693334,128.459251,대구광역시,달성군,1
868,대구죽곡,대구광역시 달성군 달구벌대로 861,35.859284,128.46460639999998,대구광역시,달성군,1
869,대전한남대DT,대전광역시 대덕구 한밭대로 1122,36.35849,127.42331000000001,대전광역시,대덕구,1
870,대전IC DT,대전광역시 대덕구 동서대로 1776,36.354628000000005,127.444318,대전광역시,대덕구,1
871,대전신탄진DT,대전광역시 대덕구 대덕대로 1544,36.44866030000001,127.41998309999997,대전광역시,대덕구,1
872,대전송촌,"대전광역시 대덕구 송촌북로36번길 36, 1층",36.366313,127.43781200000001,대전광역시,대덕구,1
873,대전판암DT,대전광역시 동구 옥천로 118,36.317013,127.453623,대전광역시,동구,1
874,대전스타일마켓,"대전광역시 동구 동서대로 1689, 2층",36.3502842,127.4366222,대전광역시,동구,1
875,대전가오,대전광역시 동구 동구청로 101,36.30701989999999,127.4561304,대전광역시,동구,1
876,대전터미널,대전광역시 동구 동서대로1695번길 4,36.349905,127.43806399999998,대전광역시,동구,1
877,대전정부청사역,대전광역시 서구 한밭대로 755,36.35841,127.38249499999999,대전광역시,서구,1
878,대전건양대병원,대전광역시 서구 관저동로 170,36.30728,127.340876,대전광역시,서구,1
879,대전탄방역,대전광역시 서구 문정로2번길 95,36.343242,127.38531299999998,대전광역시,서구,1
880,대전복수,대전광역시 서구 복수남로 28,36.298345,127.37823999999999,대전광역시,서구,1
881,대전둔산남로,대전광역시 서구 둔산남로 100,36.348893,127.38866499999999,대전광역시,서구,1
882,대전둔산로,대전광역시 서구 대덕대로241번길 35,36.354233,127.377273,대전광역시,서구,1
883,대전법원,대전광역시 서구 둔산로123번길 43,36.353315,127.387437,대전광역시,서구,1
884,대전가수원DT,대전광역시 서구 계백로 1128,36.303754999999995,127.348941,대전광역시,서구,1
885,대전수침교DT,대전광역시 서구 계룡로 692,36.33496829999999,127.39672889999996,대전광역시,서구,1
886,대전관저,대전광역시 서구 관저로 142,36.298696899999996,127.33776200000001,대전광역시,서구,1
887,대전대덕로,대전광역시 서구 대덕대로234번길 18,36.353466,127.380591,대전광역시,서구,1
888,대전목원대,대전광역시 서구 동서대로 682,36.3318521,127.33854,대전광역시,서구,1
889,대전둔산,대전광역시 서구 대덕대로 189,36.35021879999999,127.37726119999999,대전광역시,서구,1
890,대전만년,대전광역시 서구 만년로 81,36.367606,127.382002,대전광역시,서구,1
891,대전시청사거리,대전광역시 서구 둔산남로 50,36.348036,127.383509,대전광역시,서구,1
892,대전월평,대전광역시 서구 청사로123번길 25,36.361008,127.377288,대전광역시,서구,1
893,둔산은하수,"대전광역시 서구 둔산로31번길 28, 금정빌딩 1층",36.3529477,127.3777879,대전광역시,서구,1
894,대전탄방,"대전광역시 서구 문정로 78, 정우빌딩 1층",36.346397100000004,127.38788750000003,대전광역시,서구,1
895,대전시청역,대전광역시 서구 둔산로 142,36.35098154,127.38951159999999,대전광역시,서구,1
896,대전호텔,"대전광역시 서구 둔산중로134번길 13, 둔산관광호텔",36.358982,127.387649,대전광역시,서구,1
897,월평트레이더스,대전광역시 서구 한밭대로 580,36.3576398,127.36299469999994,대전광역시,서구,1
898,대전도안DT,대전광역시 유성구 도안대로 573,36.351462,127.33998100000001,대전광역시,유성구,1
899,대전장대,대전광역시 유성구 유성대로 781,36.361969,127.33626100000001,대전광역시,유성구,1
900,대전유성구청,대전광역시 유성구 어은로 42,36.362206,127.35770500000001,대전광역시,유성구,1
901,대전지족,대전광역시 유성구 지족로 373,36.387205400000006,127.3175549,대전광역시,유성구,1
902,대전유성,대전광역시 유성구 온천서로 2,36.3545222,127.3395544,대전광역시,유성구,1
903,대전전민,대전광역시 유성구 유성대로 1722,36.39943969999999,127.40052530000001,대전광역시,유성구,1
904,대전관평동,대전광역시 유성구 태크노중앙로,36.4255141,127.39263000000001,대전광역시,유성구,1
905,대전엑스포,대전광역시 유성구 엑스포로 97번길,36.3763115,127.39046909999999,대전광역시,유성구,1
906,대전노은,"대전광역시 유성구 은구비남로33번길 26, 1~2층",36.373444,127.319446,대전광역시,유성구,1
907,충남대정문,대전광역시 유성구 대학로 82,36.360659999999996,127.34463999999998,대전광역시,유성구,1
908,대전테크노밸리,대전광역시 유성구 테크노4로 105,36.424826,127.38944099999999,대전광역시,유성구,1
909,대전대사DT,대전광역시 중구 계룡로 949,36.318822999999995,127.41746299999998,대전광역시,중구,1
910,대전태평,대전광역시 중구 태평로 71,36.323298,127.393417,대전광역시,중구,1
911,대전유천DT,대전광역시 중구 계백로 1604,36.318296600000004,127.39823829999999,대전광역시,중구,1
912,대전중앙로역,대전광역시 중구 대종로 486,36.327962,127.426603,대전광역시,중구,1
913,대전세이1층,"대전광역시 중구 계백로 1700, 외 4필지 세이백화점 신관",36.320476,127.40852,대전광역시,중구,1
914,은행동,대전광역시 중구 중앙로 164,36.32907873,127.42765690000002,대전광역시,중구,1
915,대전세이,"대전광역시 중구 계백로 1700, 5층",36.320471999999995,127.40852199999999,대전광역시,중구,1
916,금정구청DT,부산광역시 금정구 중앙대로 1730,35.238784,129.092964,부산광역시,금정구,1
917,온천장역DT,부산광역시 금정구 식물원로 13,35.224006,129.08656000000002,부산광역시,금정구,1
918,부산외대,부산광역시 금정구 금샘로,35.264013299999995,129.08475520000002,부산광역시,금정구,1
919,부산대정문,부산광역시 금정구 부산대학로64번길 12,35.232107,129.084565,부산광역시,금정구,1
920,부산대역,"부산광역시 금정구 장전로12번길 64, 1~4층",35.230722,129.088165,부산광역시,금정구,1
921,부산대,"부산광역시 금정구 금정로68번길 2, 건우빌딩",35.2306157,129.0866474,부산광역시,금정구,1
922,금정이마트,부산광역시 금정구 중앙대로1841번길 24,35.250184000000004,129.090774,부산광역시,금정구,1
923,용호동W스퀘어,"부산광역시 남구 분포로 145 (용호동) 더블유스퀘어동 1019호,1020호,1021호,2011호",35.134025,129.113248,부산광역시,남구,1
924,동명대DT,부산광역시 남구 신선로 423,35.123153,129.099223,부산광역시,남구,1
925,BIFC Mall,부산광역시 남구 문현금융로 40 (문현동),35.1470479,129.06594129999996,부산광역시,남구,1
926,대연힐스테이트,부산광역시 남구 수영로 345 대연힐스테이트 115동,35.140143,129.104247,부산광역시,남구,1
927,부산대연역,"부산광역시 남구 수영로 240-1, 1층",35.135032,129.093041,부산광역시,남구,1
928,경성대,부산광역시 남구 수영로 312,35.13742382,129.1009316,부산광역시,남구,1
929,범일교차로,부산광역시 동구 조방로 4,35.1377843,129.0639376,부산광역시,동구,1
930,부산역,부산광역시 동구 중앙대로 216,35.11631935,129.04078370000002,부산광역시,동구,1
931,서면중앙대로R,부산광역시 부산진구 중앙대로 672 (부전동) 1층,35.153008299999996,129.0596228,부산광역시,부산진구,1
932,서면로R,부산광역시 부산진구 서면로 49-1,35.155255,129.057651,부산광역시,부산진구,1
933,서면NC,부산광역시 부산진구 동천로 92 (전포동) NC백화점,35.157036,129.063029,부산광역시,부산진구,1
934,양정역,부산광역시 부산진구 중앙대로 894,35.170074299999996,129.06926269999997,부산광역시,부산진구,1
935,동의대역,부산광역시 부산진구 가야대로 589,35.155057,129.036202,부산광역시,부산진구,1
936,부산개금역,부산광역시 부산진구 가야대로 462,35.152899,129.0226067,부산광역시,부산진구,1
937,서면전포역,부산광역시 부산진구 전포대로199번길 27,35.154345,129.06363100000002,부산광역시,부산진구,1
938,부산서면중앙로,"부산광역시 부산진구 중앙대로 701, 1~3층",35.155521,129.058883,부산광역시,부산진구,1
939,서면서전로,부산광역시 부산진구 서전로 19,35.157995,129.061744,부산광역시,부산진구,1
940,부산서면,부산광역시 부산진구 중앙대로692번길 46-10,35.154098,129.061562,부산광역시,부산진구,1
941,서면역,부산광역시 부산진구 서전로 1,35.1579735,129.05999229999998,부산광역시,부산진구,1
942,부전역,"부산광역시 부산진구 중앙대로 777, 서면호텔 복합시설1,2층",35.16183,129.061933,부산광역시,부산진구,1
943,서면센트럴스퀘어,부산광역시 부산진구 중앙대로666번길 50,35.151509999999995,129.061139,부산광역시,부산진구,1
944,서면메디컬거리,"부산광역시 부산진구 가야대로 783-1, 1층",35.157961,129.05740949999995,부산광역시,부산진구,1
945,서면일번가,부산광역시 부산진구 서면로 25,35.152955,129.057306,부산광역시,부산진구,1
946,서면중앙,부산광역시 부산진구 서면로68번길 1,35.156863,129.058076,부산광역시,부산진구,1
947,서면트레이더스,부산광역시 부산진구 시민공원로 31,35.163918,129.052684,부산광역시,부산진구,1
948,부산덕천역,부산광역시 북구 만덕대로 30,35.210786999999996,129.00835800000002,부산광역시,북구,1
949,부산화명역,부산광역시 북구 금곡대로285번길 5,35.233829,129.013106,부산광역시,북구,1
950,사상주례DT,부산광역시 사상구 백양대로 520,35.154847,128.99630200000001,부산광역시,사상구,1
951,동서대DT,부산광역시 사상구 가야대로 338,35.150863,129.010026,부산광역시,사상구,1
952,사상역,부산광역시 사상구 사상로 211,35.164003,128.983473,부산광역시,사상구,1
953,다대포비치,부산광역시 사하구 다대로 714,35.049403999999996,128.963569,부산광역시,사하구,1
954,부산하단,부산광역시 사하구 낙동대로 455,35.1053448,128.9688718,부산광역시,사하구,1
955,다대포DT,부산광역시 사하구 다대로 493,35.060973,128.975257,부산광역시,사하구,1
956,을숙도강변DT,부산광역시 사하구 하신번영로 381-6,35.11526,128.959578,부산광역시,사하구,1
957,부산동아대,부산광역시 사하구 낙동대로550번길 14 (하단동),35.113113,128.964925,부산광역시,사하구,1
958,부산괴정역,부산광역시 사하구 사하로186번길 6,35.098451000000004,128.994352,부산광역시,사하구,1
959,하단중앙,부산광역시 사하구 낙동남로 1411,35.106522,128.966103,부산광역시,사하구,1
960,연산시티타워,부산광역시 연제구 중앙대로 1125,35.188225,129.080949,부산광역시,연제구,1
961,부산교대역,부산광역시 연제구 명륜로 3 (거제제1동),35.196468200000005,129.08097929999997,부산광역시,연제구,1
962,부산연산역,부산광역시 연제구 반송로 20,35.186947499999995,129.0833335,부산광역시,연제구,1
963,연산중앙로,부산광역시 연제구 중앙대로 1091,35.185469,129.08067,부산광역시,연제구,1
964,부산교대,부산광역시 연제구 교대로 20-2,35.195708,129.077505,부산광역시,연제구,1
965,자갈치역,부산광역시 중구 구덕로 54-1,35.098378000000004,129.02971599999998,부산광역시,중구,1
966,국제시장,부산광역시 중구 대청로 80,35.102783,129.028601,부산광역시,중구,1
967,부산중앙역,부산광역시 중구 중앙대로81번길 2,35.1050552,129.0359604,부산광역시,중구,1
968,BIFF광장,부산광역시 중구 비프광장로 25,35.0989623,129.02805280000007,부산광역시,중구,1
969,남포동역,"부산광역시 중구 구덕로 4, 1~2층",35.098310999999995,129.035151,부산광역시,중구,1
970,광복중앙로,부산광역시 중구 광복중앙로 28-1,35.10191,129.031055,부산광역시,중구,1
971,동부산DT,부산광역시 기장군 기장읍 기장해안로 56,35.184073,129.210875,부산광역시,기장군,1
972,부산정관,부산광역시 기장군 정관읍 정관로 579,35.321335999999995,129.176983,부산광역시,기장군,1
973,부산P.아울렛,부산광역시 기장군 정관로 1133,35.325247999999995,129.236612,부산광역시,기장군,1
974,광안수변공원,부산광역시 수영구 민락수변로 29,35.153261,129.12465600000002,부산광역시,수영구,1
975,수영역,부산광역시 수영구 수영로 671,35.165729999999996,129.114642,부산광역시,수영구,1
976,금련산역,부산광역시 수영구 수영로464번길 6,35.14717,129.1105,부산광역시,수영구,1
977,광안비치,부산광역시 수영구 광안로62번길 39,35.153039,129.117808,부산광역시,수영구,1
978,수영망미DT,부산광역시 수영구 과정로 68,35.177411,129.107428,부산광역시,수영구,1
979,광안리,부산광역시 수영구 광안해변로 247,35.15502782,129.1208407,부산광역시,수영구,1
980,남천,부산광역시 수영구 남천바다로 38,35.14830649,129.1141711,부산광역시,수영구,1
981,명지국제신도시,부산광역시 강서구 명지국제5로 42,35.097941600000006,128.919918,부산광역시,강서구,1
982,명지오션시티,부산광역시 강서구 명지오션시티11로 66,35.084043,128.90313500000002,부산광역시,강서구,1
983,동래역,부산광역시 동래구 충렬대로181번길 42,35.20564,129.080038,부산광역시,동래구,1
984,명륜역,부산광역시 동래구 동래로 25,35.212443,129.07837800000001,부산광역시,동래구,1
985,사직구장,부산광역시 동래구 사직북로 4,35.195954,129.061289,부산광역시,동래구,1
986,부산안락DT,부산광역시 동래구 충렬대로 446,35.1958595,129.10695409999994,부산광역시,동래구,1
987,동래미남DT,부산광역시 동래구 충렬대로 101,35.2072439,129.0719664,부산광역시,동래구,1
988,부산사직,부산광역시 동래구 사직북로 24,35.198093,129.060473,부산광역시,동래구,1
989,부산온천장역,"부산광역시 동래구 중앙대로 1523, SK허브스카이위아아파트 1층",35.221082,129.085506,부산광역시,동래구,1
990,부민사거리,부산광역시 서구 구덕로 212,35.103629,129.02022,부산광역시,서구,1
991,부산송도비치,부산광역시 서구 송도해변로 81,35.076137,129.016603,부산광역시,서구,1
992,부산동대신역,부산광역시 서구 구덕로322번길 7,35.112688,129.01668600000002,부산광역시,서구,1
993,더해운대R,"부산광역시 해운대구 해운대해변로 197 (우동,",35.158371,129.153065,부산광역시,해운대구,1
994,수영강변DT,부산광역시 해운대구 수영강변대로 516,35.203889000000004,129.119336,부산광역시,해운대구,1
995,센텀파크,"부산광역시 해운대구 센텀중앙로 145 (재송동,",35.178759,129.12254099999998,부산광역시,해운대구,1
996,해운대역,부산광역시 해운대구 구남로 9,35.163246,129.159547,부산광역시,해운대구,1
997,부산재송DT,부산광역시 해운대구 해운대로 189,35.181271,129.12405,부산광역시,해운대구,1
998,해운대,부산광역시 해운대구 구남로 49 (중동),35.159965,129.162124,부산광역시,해운대구,1
999,센텀몰5,부산광역시 해운대구 센텀4로 15,35.169914,129.128344,부산광역시,해운대구,1
1000,센텀로,부산광역시 해운대구 센텀2로 10 (우동) 센텀메디컬센타 1층 스타벅스,35.167835600000004,129.13153920000002,부산광역시,해운대구,1
1001,센텀신세계B1,부산광역시 해운대구 센텀남대로 35 (우동) 센텀시티,35.1687027,129.1297466,부산광역시,해운대구,1
1002,해운대달맞이DT,부산광역시 해운대구 달맞이길 57 (중동),35.1615043,129.1710436,부산광역시,해운대구,1
1003,센텀그린타워,부산광역시 해운대구 센텀중앙로 78,35.174668,129.126697,부산광역시,해운대구,1
1004,부산송정비치,부산광역시 해운대구 송정해변로 36,35.1807279,129.2022769,부산광역시,해운대구,1
1005,장산역,부산광역시 해운대구 해운대로 802,35.16914054,129.1766584,부산광역시,해운대구,1
1006,하버타운,"부산광역시 해운대구 해운대해변로 257, 엘지하버타운",35.15967926,129.1595078,부산광역시,해운대구,1
1007,벡스코,"부산광역시 해운대구 APEC로 55, 벡스코내",35.16884711,129.1354444,부산광역시,해운대구,1
1008,베네시티,부산광역시 해운대구 해운대해변로 163,35.15858833,129.150525,부산광역시,해운대구,1
1009,팔레드시즈,"부산광역시 해운대구 해운대해변로298번길 24, 팔래드시즈 1-3호, 2-3호",35.1601225,129.1665774,부산광역시,해운대구,1
1010,블루스퀘어,부산광역시 해운대구 좌동로 96,35.17229566,129.1755924,부산광역시,해운대구,1
1011,센텀시티역,"부산광역시 해운대구 센텀동로 9, 트럼프월드센텀아파트 1층",35.169925,129.132271,부산광역시,해운대구,1
1012,제니스스퀘어,"부산광역시 해운대구 마린시티2로 33, 제니스스퀘어",35.156657,129.144091,부산광역시,해운대구,1
1013,신세계마린시티,부산광역시 해운대구 마린시티2로 38,35.15697,129.1434,부산광역시,해운대구,1
1014,센텀갤러리,"부산광역시 해운대구 센텀남대로 35, 신세계백화점 UEC 6F",35.16891347,129.1296297,부산광역시,해운대구,1
1015,해운대달맞이,부산광역시 해운대구 달맞이길 189,35.157925,129.182307,부산광역시,해운대구,1
1016,해운대이마트,"부산광역시 해운대구 좌동순환로 511, 해운대이마트 1층",35.166028999999995,129.167397,부산광역시,해운대구,1
1017,센텀드림월드,"부산광역시 해운대구 센텀2로 25, 센텀드림월드 1층",35.167027000000004,129.13282900000002,부산광역시,해운대구,1
1018,센텀KNN,부산광역시 해운대구 센텀서로 30,35.171765,129.12893400000002,부산광역시,해운대구,1
1019,월드마크센텀,"부산광역시 해운대구 센텀동로 25, 1층",35.17137,129.131112,부산광역시,해운대구,1
1020,울산대공원,울산광역시 남구 대공원입구로 4,35.53233,129.293827,울산광역시,남구,1
1021,울산도산사거리DT,울산광역시 남구 대암로129번길 9-6,35.531028000000006,129.32974,울산광역시,남구,1
1022,울산시청사거리DT,울산광역시 남구 중앙로 182,35.537276,129.31361299999998,울산광역시,남구,1
1023,울산남구청DT,울산광역시 남구 번영로 215,35.5441545,129.32459960000006,울산광역시,남구,1
1024,울산중리사거리DT,울산광역시 남구 돋질로 310,35.54388,129.33868310000003,울산광역시,남구,1
1025,울산옥동,울산광역시 남구 문수로 329,35.5355131,129.28965070000004,울산광역시,남구,1
1026,울산센트럴,울산광역시 남구 삼산로 231,35.538827000000005,129.33279299999998,울산광역시,남구,1
1027,울산삼산타워,울산광역시 남구 삼산로 273 (삼산동),35.539484,129.33676100000002,울산광역시,남구,1
1028,울산삼산로,울산광역시 남구 삼산로 278 번길 8,35.5384838,129.3373025,울산광역시,남구,1
1029,울산대,울산광역시 남구 대학로84번길 5-3,35.542466999999995,129.260197,울산광역시,남구,1
1030,울산디자인거리,"울산광역시 남구 삼산중로74번길 30-1, 1~2층",35.540501,129.33876,울산광역시,남구,1
1031,울산신복,울산광역시 남구 대학로 152,35.547956,129.26287,울산광역시,남구,1
1032,울산삼산대로,"울산광역시 남구 삼산로 257, 1층",35.539173999999996,129.335097,울산광역시,남구,1
1033,울산북구청DT,울산광역시 북구 산업로 1011,35.583521000000005,129.358882,울산광역시,북구,1
1034,울산진장,울산광역시 북구 진장17길 10,35.562433,129.356469,울산광역시,북구,1
1035,울산정자비치DT,울산광역시 북구 동해안로 1601,35.628685,129.440824,울산광역시,북구,1
1036,울산화봉,울산광역시 북구 화봉로 75,35.588615000000004,129.367334,울산광역시,북구,1
1037,울산간절곶,울산광역시 울주군 서생면 대송리,35.359004799999994,129.35919779999998,울산광역시,울주군,1
1038,울산MBC DT,울산광역시 중구 번영로 434,35.561657000000004,129.332358,울산광역시,중구,1
1039,울산성안,울산광역시 중구 성안12길 45,35.577829,129.324413,울산광역시,중구,1
1040,울산성남삼거리,울산광역시 중구 젊음의2거리 33,35.553215,129.320479,울산광역시,중구,1
1041,울산성남동,울산광역시 중구 젊음의거리 74,35.55396882,129.32119,울산광역시,중구,1
1042,울산태화,"울산광역시 중구 신기길 103, (1층,2층 전체)",35.550548,129.298364,울산광역시,중구,1
1043,현대동구,울산광역시 동구 방어진순환도로 899 (서부동),35.52114999,129.4317341,울산광역시,동구,1
1044,울산테라스파크,울산광역시 동구 방어진순환도로 652,35.499635,129.429599,울산광역시,동구,1
1045,인천계양,인천광역시 계양구 장제로 808,37.539849100000005,126.73500190000001,인천광역시,계양구,1
1046,인천작전,"인천광역시 계양구 계양대로 37, 1층",37.527064,126.721981,인천광역시,계양구,1
1047,인천학익DT,인천광역시 미추홀구 매소홀로 368,37.4403818,126.6627574,인천광역시,미추홀구,1
1048,인천용현DT,인천광역시 미추홀구 아암대로 107,37.452337299999996,126.63258090000001,인천광역시,미추홀구,1
1049,주안역,"인천광역시 미추홀구 주안로 100, 1-2층",37.463837,126.68073999999999,인천광역시,미추홀구,1
1050,인하대,인천광역시 미추홀구 인하로 59,37.451827,126.654969,인천광역시,미추홀구,1
1051,송림트레이더스,"인천광역시 동구 봉수대로 82, 이마트 트레이더스송림점1층",37.48307,126.66043,인천광역시,동구,1
1052,인천갈산DT,인천광역시 부평구 장제로 371,37.518910600000005,126.7321159,인천광역시,부평구,1
1053,인천삼산,인천광역시 부평구 길주로 643,37.507296000000004,126.734181,인천광역시,부평구,1
1054,부평사거리,"인천광역시 부평구 부평문화로 52, 1~2층",37.493885999999996,126.721952,인천광역시,부평구,1
1055,부평시장역,"인천광역시 부평구 부평대로 60, 현대해상화재보험 1층",37.496786,126.72306999999999,인천광역시,부평구,1
1056,부평,인천광역시 부평구 경원대로 1397,37.49158659,126.72448610000001,인천광역시,부평구,1
1057,부평로데오,"인천광역시 부평구 시장로 21, 1-3층",37.49306528,126.72493290000001,인천광역시,부평구,1
1058,동암역,"인천광역시 부평구 동암광장로 14, 1~2층",37.471537,126.70236100000001,인천광역시,부평구,1
1059,부평역,"인천광역시 부평구 경원대로 1377, 1-4층",37.491434000000005,126.72213400000001,인천광역시,부평구,1
1060,부평GM,인천광역시 부평구 부평대로 233,37.512313,126.71023600000001,인천광역시,부평구,1
1061,인천스퀘어원,인천광역시 연수구 청능대로 210,37.406269,126.68378600000001,인천광역시,연수구,1
1062,인천동춘DT,인천광역시 연수구 앵고개로 171,37.41243,126.664447,인천광역시,연수구,1
1063,인천송도,"인천광역시 연수구 컨벤시아대로 55 (송도동,",37.397040999999994,126.651825,인천광역시,연수구,1
1064,송도트리플R,인천광역시 연수구 송도과학로16번길 33-1,37.380763,126.659213,인천광역시,연수구,1
1065,인천송도DT,인천광역시 연수구 하모니로 136,37.384821,126.64428400000001,인천광역시,연수구,1
1066,인천연수,인천광역시 연수구 용담로 115 (연수동),37.415071999999995,126.67778100000001,인천광역시,연수구,1
1067,송도캠퍼스타운역,인천광역시 연수구 송도과학로27번길 55 (송도동),37.387483,126.663494,인천광역시,연수구,1
1068,송도커넬워크,인천광역시 연수구 아트센터대로 131,37.399483000000004,126.63678600000001,인천광역시,연수구,1
1069,송도센트럴파크,인천광역시 연수구 센트럴로 194,37.39523,126.64053899999999,인천광역시,연수구,1
1070,연수이마트,인천광역시 연수구 경원대로 184,37.404385999999995,126.681528,인천광역시,연수구,1
1071,검단사거리역,인천광역시 서구 완정로 172,37.6025256,126.6574188,인천광역시,서구,1
1072,인천청라센트럴,"인천광역시 서구 청라커낼로 300 (청라동,",37.5343559,126.64928590000002,인천광역시,서구,1
1073,인천당하DT,인천광역시 서구 원당대로 668,37.593418,126.675556,인천광역시,서구,1
1074,인천청라타워돔,인천광역시 서구 중봉대로 612번길,37.533884,126.652098,인천광역시,서구,1
1075,인천서구청DT,인천광역시 서구 서곶로 277,37.5424157,126.67636,인천광역시,서구,1
1076,인천청라,인천광역시 서구 중봉대로 586번길,37.531852,126.65214099999999,인천광역시,서구,1
1077,인천구월아시아드,인천광역시 남동구 인하로 556,37.442715,126.70851100000002,인천광역시,남동구,1
1078,인천터미널사거리,인천광역시 남동구 예술로 126,37.44526,126.700865,인천광역시,남동구,1
1079,인천서창,인천광역시 남동구 서창남로 51 (서창동),37.424128,126.749997,인천광역시,남동구,1
1080,인천간석DT,인천광역시 남동구 경원대로 974,37.469719,126.69074499999999,인천광역시,남동구,1
1081,인천예술회관역,인천광역시 남동구 예술로 174 (구월동),37.449472,126.70143799999998,인천광역시,남동구,1
1082,구월로데오,"인천광역시 남동구 인하로 497-22, 2층",37.44420071,126.7021764,인천광역시,남동구,1
1083,구월길병원,"인천광역시 남동구 남동대로 773, , 14 삼성화재 인천사옥",37.45167435,126.7074902,인천광역시,남동구,1
1084,인천구월,인천광역시 남동구 예술로 138,37.4462001,126.70099720000007,인천광역시,남동구,1
1085,인천논현,"인천광역시 남동구 논고개로 93, 111,112, 206, 207호",37.400003000000005,126.72438700000001,인천광역시,남동구,1
1086,영종하늘도시,인천광역시 중구 하늘중앙로195번길 15,37.48942,126.56146000000001,인천광역시,중구,1
1087,인천공항T2출국,인천광역시 중구 공항로 272,37.481119,126.448079,인천광역시,중구,1
1088,인천공항T2에어,인천광역시 중구 공항로 272 (운서동) 제2여객터미널 3층 탑승지역,37.465769,126.433126,인천광역시,중구,1
1089,인천공항T2입국,인천광역시 중구 공항로 272 (운서동) 제2여객터미널 1층 환영홀지역,37.46783,126.4323,인천광역시,중구,1
1090,영종도운서역,인천광역시 중구 신도시남로142번길 17,37.493990999999994,126.492667,인천광역시,중구,1
1091,인천공항중앙,인천광역시 중구 공항로 272 (운서동) 인천국제공항여객터미널,37.449611,126.45003100000001,인천광역시,중구,1
1092,인천공항랜드,인천광역시 중구 공항로 272 (운서동),37.446784,126.45287900000001,인천광역시,중구,1
1093,동해DT,강원도 동해시 중앙로 219,37.520193,129.114767,강원도,동해시,1
1094,설악쏘라노,강원도 속초시 미시령로2983번길 111,38.21059,128.528526,강원도,속초시,1
1095,속초DT,강원도 속초시 동해대로 4114,38.189870899999995,128.58441240000002,강원도,속초시,1
1096,속초중앙로,강원도 속초시 중앙로 123,38.202593,128.589453,강원도,속초시,1
1097,춘천후평DT,강원도 춘천시 후석로 318,37.879435,127.750579,강원도,춘천시,1
1098,춘천석사DT,강원도 춘천시 후석로 13,37.856608,127.739326,강원도,춘천시,1
1099,춘천명동,강원도 춘천시 중앙로 57,37.87999215,127.72752120000001,강원도,춘천시,1
1100,춘천이마트,강원도 춘천시 경춘로 2353 (온의동) E-마트 춘천점내,37.86381381,127.71833000000001,강원도,춘천시,1
1101,강원대,강원도 춘천시 서부대성로 243-1,37.872749,127.745062,강원도,춘천시,1
1102,오션월드입구,강원도 홍천군 한치골길 262 (서면) 대명비발디파크,37.648815,127.686053,강원도,홍천군,1
1103,대명비발디,강원도 홍천군 한치골길 262 (서면),37.645094,127.68223400000001,강원도,홍천군,1
1104,오션월드,강원도 홍천군 한치골길 262 (서면) 대명비발디파크,37.648815,127.686053,강원도,홍천군,1
1105,강릉교동광장,강원도 강릉시 교동광장로 114,37.764312,128.877061,강원도,강릉시,1
1106,강릉중앙로,강원도 강릉시 경강로 2096,37.7544531,128.89622240000003,강원도,강릉시,1
1107,강릉안목항,강원도 강릉시 창해로14번길 40,37.771376000000004,128.948725,강원도,강릉시,1
1108,대명델피노,강원도 고성군 토성면 미시령옛길,38.212094,128.493948,강원도,고성군,1
1109,원주반곡DT,강원도 원주시 동부순환로 37,37.319904,127.97157,강원도,원주시,1
1110,원주명륜DT,강원도 원주시 남원로 588,37.335971,127.949754,강원도,원주시,1
1111,원주무실,강원도 원주시 능라동길 73,37.332972,127.930448,강원도,원주시,1
1112,원주혁신도시,강원도 원주시 혁신로 61,37.323157,127.98061100000001,강원도,원주시,1
1113,원주단구,"강원도 원주시 서원대로 402, 대신프라자 101,102,103호",37.330449,127.949266,강원도,원주시,1
1114,원주터미널,강원도 원주시 서원대로 178,37.343887,127.9311,강원도,원주시,1
1115,김해구산DT,경상남도 김해시 김해대로 1918,35.255678,128.86641799999998,경상남도,김해시,1
1116,신세계김해R,경상남도 김해시 전하로304번길 24 (외동) 신세계백화점,35.229471000000004,128.872823,경상남도,김해시,1
1117,김해이마트,경상남도 김해시 전하로304번길 24 (외동) 김해 이마트,35.229471000000004,128.872823,경상남도,김해시,1
1118,김해인제대,경상남도 김해시 인제로 168,35.243610700000005,128.904162,경상남도,김해시,1
1119,김해대로DT,경상남도 김해시 김해대로,35.227992,128.896545,경상남도,김해시,1
1120,김해외동DT,경상남도 김해시 분성로 146,35.2293661,128.86279760000002,경상남도,김해시,1
1121,김해율하,경상남도 김해시 율하3로91번길,35.176596999999994,128.812782,경상남도,김해시,1
1122,김해삼계,경상남도 김해시 가야로 182,35.261527,128.871614,경상남도,김해시,1
1123,김해내동,경상남도 김해시 경원로 67,35.2371519,128.86752079999997,경상남도,김해시,1
1124,경남사천DT,경상남도 사천시 사천읍 사천대로,35.081409,128.083669,경상남도,사천시,1
1125,사천벌리,경상남도 사천시 주공로 31,34.9411367,128.08638090000002,경상남도,사천시,1
1126,진주평거,경상남도 진주시 진양호로 206,35.172323999999996,128.06006299999999,경상남도,진주시,1
1127,진주칠암DT,경상남도 진주시 진주대로829번길 2,35.174907,128.092942,경상남도,진주시,1
1128,경남과기대,경상남도 진주시 동진로 34,35.1789792,128.0947936,경상남도,진주시,1
1129,진주중안,경상남도 진주시 진양호로527번길 3,35.192977,128.082987,경상남도,진주시,1
1130,진주신안,경상남도 진주시 진양호로 353,35.184236999999996,128.067852,경상남도,진주시,1
1131,진주경상대,경상남도 진주시 진주대로 510,35.15241245,128.10571389999998,경상남도,진주시,1
1132,창원상남로,경상남도 창원시 성산구 상남로 88,35.2213,128.681,경상남도,성산구,1
1133,마산역DT,경상남도 창원시 마산회원구 3·15대로 715,35.236200399999994,128.5805449,경상남도,마산회원구,1
1134,마산해안대로DT,경상남도 창원시 마산합포구 해안대로 383,35.204197,128.580572,경상남도,마산합포구,1
1135,진해자은DT,경상남도 창원시 진해구 진해대로 962,35.143793,128.706881,경상남도,진해구,1
1136,창원역DT,경상남도 창원시 의창구 의창대로 68,35.257065999999995,128.607861,경상남도,의창구,1
1137,창원호계DT,경상남도 창원시 마산회원구 내서읍 호원로 315,35.261507,128.52303600000002,경상남도,마산회원구,1
1138,창원마창대교,경상남도 창원시 성산구 삼귀로 159,35.170623,128.597273,경상남도,성산구,1
1139,삼성창원병원,경상남도 창원시 마산회원구 팔용로 158,35.242951,128.592019,경상남도,마산회원구,1
1140,마산터미널,경상남도 창원시 마산회원구 합성남로 6-1,35.2381341,128.58327,경상남도,마산회원구,1
1141,창원상남사거리,경상남도 창원시 성산구 단정로,35.2201968,128.6834225,경상남도,성산구,1
1142,진해용원,경상남도 창원시 진해구 안골로 336 (용원동),35.101122,128.809896,경상남도,진해구,1
1143,창원팔용,경상남도 창원시 의창구 팔용로 419,35.254521000000004,128.61191499999998,경상남도,의창구,1
1144,창원리베라,"경상남도 창원시 성산구 중앙대로100번길 9, 리베라컨벤션",35.223387,128.680163,경상남도,성산구,1
1145,창원상남중앙,"경상남도 창원시 성산구 마디미로 20, 유탑프라자",35.222756,128.684363,경상남도,성산구,1
1146,창원상남동R,경상남도 창원시 성산구 상남로 132,35.22446767,128.6839546,경상남도,성산구,1
1147,신세계마산,경상남도 창원시 마산합포구 합포로 251 (산호동) 신세계백화점 내,35.21960023,128.5863581,경상남도,마산합포구,1
1148,창원시티세븐,경상남도 창원시 의창구 원이대로 320 (대원동) 더시티세븐,35.24025455,128.6527585,경상남도,의창구,1
1149,경남대,경상남도 창원시 마산합포구 월영남로 3,35.178461,128.5586,경상남도,마산합포구,1
1150,창원용지호수,경상남도 창원시 의창구 용지로169번길 1,35.229881,128.68188999999998,경상남도,의창구,1
1151,통영이마트,경상남도 통영시 광도면 죽림4로,34.887147999999996,128.418047,경상남도,통영시,1
1152,거제고현,경상남도 거제시 거제중앙로 1936,34.8907709,128.6221848,경상남도,거제시,1
1153,거제대명리조트,"경상남도 거제시 일운면 거제대로 2660, 거제대명리조트",34.843522,128.70264,경상남도,거제시,1
1154,거제옥포,경상남도 거제시 옥포대첩로 38,34.89353088,128.691816,경상남도,거제시,1
1155,디큐브거제,경상남도 거제시 장평로 12,34.891009000000004,128.616632,경상남도,거제시,1
1156,남양산IC DT,경상남도 양산시 동면 양산대로 532,35.319987,129.030485,경상남도,양산시,1
1157,양산증산역,경상남도 양산시 물금읍 증산역로 177,35.310553000000006,129.009815,경상남도,양산시,1
1158,양산가촌,경상남도 양산시 물금읍 야리로 25,35.317005,129.001429,경상남도,양산시,1
1159,양산덕계DT,경상남도 양산시 웅상대로 860,35.375986,129.155662,경상남도,양산시,1
1160,양산터미널,경상남도 양산시 양산역1길 7 (중부동),35.3353404,129.02685,경상남도,양산시,1
1161,양산범어,경상남도 양산시 물금읍 범어로,35.329017,129.014136,경상남도,양산시,1
1162,양산이마트,"경상남도 양산시 양산역6길 12, 양산이마트 1층",35.337026,129.026484,경상남도,양산시,1
1163,경산중방DT,경상북도 경산시 경안로 222,35.827736,128.736944,경상북도,경산시,1
1164,영남대아트센터,경상북도 경산시 대학로 280 (대동),35.8321641,128.75188559999998,경상북도,경산시,1
1165,영남대중앙도서관,경상북도 경산시 대학로 280 (조영동),35.8331655,128.75801429999999,경상북도,경산시,1
1166,영남대,"경상북도 경산시 청운로 16, 1~3층",35.836968,128.753065,경상북도,경산시,1
1167,대구가톨릭대,경상북도 경산시 하양읍 하양로,35.907786,128.81246299999998,경상북도,경산시,1
1168,경산이마트,경상북도 경산시 옥산로 227 (중산동),35.83571847,128.7197969,경상북도,경산시,1
1169,경주보문,경상북도 경주시 보문로 537,35.836607,129.284983,경상북도,경주시,1
1170,경주터미널DT,경상북도 경주시 태종로 686,35.838226,129.203324,경상북도,경주시,1
1171,경주황성,경상북도 경주시 황성로1번길 4,35.863893299999994,129.21298109999998,경상북도,경주시,1
1172,경주대릉원,경상북도 경주시 첨성로 125,35.8339927,129.2149807,경상북도,경주시,1
1173,경주보문호수DT,경상북도 경주시 보문로 132-6,35.8532391,129.26868770000002,경상북도,경주시,1
1174,경주중앙,경상북도 경주시 원효로 105-1,35.842119,129.212469,경상북도,경주시,1
1175,경주보문로DT,"경상북도 경주시 보문로 510-6, 외 1번지(신평동 719-220)",35.838831,129.285953,경상북도,경주시,1
1176,구미상모DT,경상북도 구미시 금오대로 439,36.0823172,128.35638470000004,경상북도,구미시,1
1177,구미도량DT,경상북도 구미시 야은로 312,36.138474,128.316815,경상북도,구미시,1
1178,구미옥계,경상북도 구미시 옥계북로 20,36.138284999999996,128.41956299999998,경상북도,구미시,1
1179,구미시청DT,경상북도 구미시 송정대로 27,36.1176314,128.34160680000002,경상북도,구미시,1
1180,구미인의,경상북도 구미시 인동중앙로 15,36.106998600000004,128.4207103,경상북도,구미시,1
1181,구미금오산DT,경상북도 구미시 금오산로 205,36.12245,128.323746,경상북도,구미시,1
1182,구미,경상북도 구미시 구미중앙로 94,36.12817066,128.3326941,경상북도,구미시,1
1183,구미인동,"경상북도 구미시 인동가산로 9-3, 노블레스타워 1층",36.10809343,128.4183751,경상북도,구미시,1
1184,구미공단,"경상북도 구미시 1공단로 212, HALLA SIGMA VALLEY 106",36.101533,128.385933,경상북도,구미시,1
1185,포항쌍용DT,경상북도 포항시 남구 중흥로 122,36.0155,129.352589,경상북도,남구,1
1186,포항오천,경상북도 포항시 남구 오천읍 원동로,35.9642032,129.4027158,경상북도,남구,1
1187,포항대도동,경상북도 포항시 남구 포스코대로 340,36.0176223,129.36026919999995,경상북도,남구,1
1188,포항대이,경상북도 포항시 남구 포스코대로 124,36.025372,129.33930700000002,경상북도,남구,1
1189,포항이마트,"경상북도 포항시 남구 냉천로 10, 이마트 포항점 1층",35.991402,129.398459,경상북도,남구,1
1190,포항애비뉴,경상북도 포항시 남구 중흥로 77 (상도동),36.013016,129.34869,경상북도,남구,1
1191,포항시청,경상북도 포항시 남구 시청로 5,36.018246999999995,129.342089,경상북도,남구,1
1192,문경새재,경상북도 문경시 새재로 906,36.759398,128.077572,경상북도,문경시,1
1193,김천구미역,경상북도 김천시 혁신3로 26,36.116366,128.181653,경상북도,김천시,1
1194,김천시청DT,경상북도 김천시 시청로 47,36.132504,128.11758999999998,경상북도,김천시,1
1195,안동시청,경상북도 안동시 서동문로 173,36.566357399999994,128.73113850000001,경상북도,안동시,1
1196,안동옥동,경상북도 안동시 경북대로 379,36.563324,128.70213,경상북도,안동시,1
1197,포항장성DT,경상북도 포항시 북구 새천년대로 1255,36.074535,129.384214,경상북도,북구,1
1198,포항양덕,경상북도 포항시 북구 장량로 162,36.0815505,129.3981614,경상북도,북구,1
1199,포항중앙,경상북도 포항시 북구 불종로 41,36.038713,129.364099,경상북도,북구,1
1200,포항영일대비치,경상북도 포항시 북구 삼호로 186,36.0549919,129.37698060000002,경상북도,북구,1
1201,전남광양DT,전라남도 광양시 중마중앙로 143,34.943156,127.69796000000001,전라남도,광양시,1
1202,목포터미널DT,전라남도 목포시 영산로,34.810168299999994,126.4169697,전라남도,목포시,1
1203,목포하당,전라남도 목포시 백년대로 293,34.803958,126.41980600000001,전라남도,목포시,1
1204,목포북항DT,전라남도 목포시 고하대로 694,34.80863370000001,126.3732658,전라남도,목포시,1
1205,목포옥암,전라남도 목포시 백년대로375번길 1,34.807386,126.42726709999998,전라남도,목포시,1
1206,목포평화광장,전라남도 목포시 미항로 137,34.796986,126.43495,전라남도,목포시,1
1207,목포남악,전라남도 무안군 남악3로82번길,34.813142299999996,126.46172539999999,전라남도,무안군,1
1208,순천연향,전라남도 순천시 연향번영길 118,34.952486,127.51886100000002,전라남도,순천시,1
1209,순천신대,전라남도 순천시 해룡면 향매로 97,34.933509,127.550306,전라남도,순천시,1
1210,순천호수공원,전라남도 순천시 왕지2길 17,34.968146000000004,127.523261,전라남도,순천시,1
1211,순천조례,전라남도 순천시 비봉2길 9,34.971612,127.52080500000001,전라남도,순천시,1
1212,여수해양공원,전라남도 여수시 이순신 광장로,34.738437,127.744285,전라남도,여수시,1
1213,여수웅천,전라남도 여수시 예울마루로 37-53,34.746165999999995,127.67104599999999,전라남도,여수시,1
1214,여수둔덕DT,전라남도 여수시 좌수영로 482,34.768947,127.697469,전라남도,여수시,1
1215,여수여서,전라남도 여수시 여문1로 49,34.752883000000004,127.704195,전라남도,여수시,1
1216,여수여천,전라남도 여수시 망마로 39,34.759840000000004,127.66703400000002,전라남도,여수시,1
1217,전남나주,전라남도 나주시 상야1길 21,35.022514,126.788058,전라남도,나주시,1
1218,익산모현,전라북도 익산시 선화로 106,35.948353000000004,126.942392,전라북도,익산시,1
1219,익산영등DT,전라북도 익산시 무왕로 1005,35.959315999999994,126.96876599999999,전라북도,익산시,1
1220,익산영등,전라북도 익산시 무왕로 1052,35.958206,126.973766,전라북도,익산시,1
1221,전주송천DT,전북 전주시 송천중앙로,35.867469,127.12192900000001,전라북도,덕진구,1
1222,전주혁신도시,전라북도 전주시 덕진구 기지로 68,35.83811,127.05936399999999,전라북도,덕진구,1
1223,전주덕진광장DT,전라북도 전주시 덕진구 기린대로 491,35.842878000000006,127.124205,전라북도,덕진구,1
1224,전북대,전라북도 전주시 덕진구 명륜4길 12,35.8429149,127.12682289999998,전라북도,덕진구,1
1225,전주평화DT,전라북도 전주시 완산구 모악로 4696,35.788482,127.131075,전라북도,완산구,1
1226,전주백제대로DT,전라북도 전주시 완산구 백제대로 242,35.814654,127.123414,전라북도,완산구,1
1227,전주효자DT,전라북도 전주시 완산구 용머리로 7,35.8058839,127.1110843,전라북도,완산구,1
1228,전주서신,전라북도 전주시 완산구 서신로 104,35.8345971,127.11613229999999,전라북도,완산구,1
1229,전주중화산,전라북도 전주시 완산구 유연로 288,35.82509530000001,127.11695480000004,전라북도,완산구,1
1230,전주홍산로,전라북도 전주시 완산구 홍산로 238,35.8148784,127.1064483,전라북도,완산구,1
1231,전주한옥마을,전라북도 전주시 완산구 팔달로 123,35.813445200000004,127.14853229999999,전라북도,완산구,1
1232,전북도청,전라북도 전주시 완산구 홍산중앙로 22,35.81559,127.109351,전라북도,완산구,1
1233,전주경원,전라북도 전주시 완산구 전주객사4길 44-18,35.819775,127.144494,전라북도,완산구,1
1234,전북정읍DT,전라북도 정읍시 충정로 271,35.570273,126.851701,전라북도,정읍시,1
1235,군산수송,전라북도 군산시 수송로 195,35.964213,126.717207,전라북도,군산시,1
1236,군산대,전라북도 군산시 황룡로 7,35.945739,126.685965,전라북도,군산시,1
1237,공주동학사DT,충청남도 공주시 반포면 동학사1로 114,36.36336,127.2535628,충청남도,공주시,1
1238,공주신관,충청남도 공주시 번영1로 113,36.474647999999995,127.14003000000001,충청남도,공주시,1
1239,논산중앙,충청남도 논산시 중앙로398번길,36.201249600000004,127.0899058,충청남도,논산시,1
1240,서산예천DT,충청남도 서산시 나무장1길 22,36.771727,126.44017099999999,충청남도,서산시,1
1241,서산호수,"충청남도 서산시 호수공원2로 33, 1~2층",36.776653,126.448646,충청남도,서산시,1
1242,천안신부R,충청남도 천안시 동남구 만남로 43,36.819309000000004,127.157715,충청남도,동남구,1
1243,천안청당,충청남도 천안시 동남구 청수14로 102,36.785895000000004,127.157564,충청남도,동남구,1
1244,천안안서,충청남도 천안시 동남구 안서3길 3,36.830087,127.17977900000001,충청남도,동남구,1
1245,천안IC DT,충청남도 천안시 동남구 신부15길 3,36.82025,127.1615,충청남도,동남구,1
1246,천안신부동,충청남도 천안시 동남구 만남로 9,36.81917993,127.15299809999999,충청남도,동남구,1
1247,천안서북이마트,충청남도 천안시 서북구 삼성대로 20,36.838876,127.122399,충청남도,서북구,1
1248,천안불당DT,충청남도 천안시 서북구 불당34길 2,36.805399,127.10609,충청남도,서북구,1
1249,천안서부대로DT,충청남도 천안시 서북구 서부대로 405,36.8035728,127.12717999999997,충청남도,서북구,1
1250,천안시청,충청남도 천안시 서북구 불당22대로 67,36.81609,127.10732900000001,충청남도,서북구,1
1251,천안쌍용역,충청남도 천안시 서북구 충무로 133,36.793123,127.12223,충청남도,서북구,1
1252,천안신불당,충청남도 천안시 서북구 불당33길 24,36.812323,127.108287,충청남도,서북구,1
1253,천안성정DT,충청남도 천안시 서북구 동서대로 154,36.8253941,127.14035120000001,충청남도,서북구,1
1254,천안불당,충청남도 천안시 서북구 불당4로 91,36.810010399999996,127.11096059999998,충청남도,서북구,1
1255,천안두정,충청남도 천안시 서북구 부성4길 3,36.833981,127.13483799999999,충청남도,서북구,1
1256,천안이마트,충청남도 천안시 서북구 충무로 187 (쌍용동) 천안이마트,36.795879,127.127159,충청남도,서북구,1
1257,계룡대로DT,충청남도 계룡시 엄사면 번영로 6,36.288381,127.244398,충청남도,계룡시,1
1258,당진시곡DT,충청남도 당진시 서해로 6283,36.903029,126.68387299999999,충청남도,당진시,1
1259,당진문예의전당,"충청남도 당진시 시청1로 78, 1층",36.891205,126.63898600000002,충청남도,당진시,1
1260,아산배방,충청남도 아산시 배방읍 배방로 22,36.774871999999995,127.053978,충청남도,아산시,1
1261,아산탕정,충청남도 아산시 탕정면 탕정면로 10,36.798663,127.058333,충청남도,아산시,1
1262,아산용화,충청남도 아산시 어의정로 117,36.774397,127.008545,충청남도,아산시,1
1263,아산터미널,충청남도 아산시 번영로 232,36.783865000000006,127.0162904,충청남도,아산시,1
1264,청주용암DT,충청북도 청주시 상당구 1순환로 1243,36.607867,127.503945,충청북도,상당구,1
1265,청주용담DT,충청북도 청주시 상당구 산성로 129,36.634172,127.50511000000002,충청북도,상당구,1
1266,청주서문,충청북도 청주시 상당구 무심동로392번길 20,36.635373,127.48604099999999,충청북도,상당구,1
1267,충주시청DT,충청북도 충주시 국원대로 208-1,36.990065799999996,127.9287563,충청북도,충주시,1
1268,충주터미널,충청북도 충주시 봉계13길 2,36.980662,127.915191,충청북도,충주시,1
1269,충주연수,충청북도 충주시 계명대로 227,36.982721000000005,127.939889,충청북도,충주시,1
1270,충주성서,"충청북도 충주시 예성로 151 C&C몰 106호,107호",36.970581,127.933058,충청북도,충주시,1
1271,제천DT,충청북도 제천시 의림대로 181,37.143691,128.213266,충청북도,제천시,1
1272,청주오송,충청북도 청주시 흥덕구 오송읍 오송생명로 220,36.629921,127.33282,충청북도,흥덕구,1
1273,청주봉명DT,충청북도 청주시 흥덕구 1순환로 514,36.646765,127.464772,충청북도,흥덕구,1
1274,청주강서,충청북도 청주시 흥덕구 강서로 121,36.625422,127.430108,충청북도,흥덕구,1
1275,청주지웰시티,충청북도 청주시 흥덕구 대농로 43 (복대동) 신영지웰시티 1차,36.643359000000004,127.427107,충청북도,흥덕구,1
1276,현대충청,충청북도 청주시 흥덕구 직지대로 308,36.644407,127.426305,충청북도,흥덕구,1
1277,청주터미널,충청북도 청주시 흥덕구 풍산로 15,36.626769,127.43203500000001,충청북도,흥덕구,1
1278,청주사직DT,충청북도 청주시 서원구 사직대로 302,36.635847999999996,127.48103400000001,충청북도,서원구,1
1279,청주성화,충청북도 청주시 서원구 복대로 5,36.6176114,127.44608549999998,충청북도,서원구,1
1280,충북대,충청북도 청주시 서원구 내수동로 113,36.633965,127.45971499999999,충청북도,서원구,1
1281,오창호수공원,충청북도 청주시 청원구 오창읍 중심상업1로 20,36.712751000000004,127.427283,충청북도,청원구,1
1282,청주율량DT,충청북도 청주시 청원구 충청대로107번길 8,36.66623,127.49320700000001,충청북도,청원구,1
1283,오창과학단지,충청북도 청주시 청원구 오창읍 과학산업2로 385,36.716466,127.423272,충청북도,청원구,1
1284,제주신화월드R,제주특별자치도 서귀포시 안덕면 신화역사로304번길 38,33.302019,126.32059199999999,제주특별자치도,서귀포시,1
1285,제주에듀시티,제주특별자치도 서귀포시 대정읍 에듀시티로 36,33.291788000000004,126.284407,제주특별자치도,서귀포시,1
1286,제주성산DT,제주특별자치도 서귀포시 성산읍 일출로 80,33.44998,126.92060500000001,제주특별자치도,서귀포시,1
1287,제주중문DT,제주특별자치도 서귀포시 천제연로,33.254998300000004,126.41590589999998,제주특별자치도,서귀포시,1
1288,제주서귀포,제주특별자치도 서귀포시 중정로 53,33.24779669999999,126.56210359999999,제주특별자치도,서귀포시,1
1289,제주송악산,제주특별자치도 서귀포시 형제해안로 322,33.206799,126.290035,제주특별자치도,서귀포시,1
1290,서귀포DT,제주특별자치도 서귀포시 일주서로 11,33.249277500000005,126.50652289999992,제주특별자치도,서귀포시,1
1291,성산일출봉,"제주특별자치도 서귀포시 성산읍 일출로 284-5,",33.462865,126.935544,제주특별자치도,서귀포시,1
1292,제주중문,제주특별자치도 서귀포시 중문관광로110번길 32,33.251128,126.412752,제주특별자치도,서귀포시,1
1293,제주시청,제주특별자치도 제주시 중앙로 215,33.500516,126.529711,제주특별자치도,제주시,1
1294,제주함덕,제주특별자치도 제주시 조천읍 조함해안로 522,33.542511,126.668567,제주특별자치도,제주시,1
1295,제주노형공원,제주특별자치도 제주시 연북로 12,33.481794,126.482523,제주특별자치도,제주시,1
1296,제주애월DT,제주특별자치도 제주시 애월읍 애월해안로 376,33.47278,126.348739,제주특별자치도,제주시,1
1297,제주칠성,제주특별자치도 제주시 관덕로 55,33.513349,126.5252435,제주특별자치도,제주시,1
1298,제주노형,제주특별자치도 제주시 도령로 27,33.4878111,126.4818612,제주특별자치도,제주시,1
1299,제주용담DT,제주특별자치도 제주시 서해안로 380 (용담삼동),33.512345,126.48456399999999,제주특별자치도,제주시,1
1300,신제주이마트,"제주특별자치도 제주시 1100로 3348, 신제주이마트 1층",33.484959,126.480478,제주특별자치도,제주시,1
